codOrgao,txtDescricaoOrgao,codigoEmpresa,descricaoEmpresa,modifiedMode,usuarioOperacao
01,Autarquia Hospitalar Municipal,10,AUTARQUIA HOSPITALAR MUNICIPAL,5,
02,Hospital do Servidor Público Municipal,04,HOSPITAL DO SERVIDOR PÚBLICO MUNICIPAL,5,
03,Instituto de Previdência Municipal de São Paulo,05,INSTITUTO DE PREVIDÊNCIA MUNICIPAL DE SÃO PAULO,5,
03,Fundo Previdenciário - FUNPREV,08,FUNDO PREVIDENCIÁRIO - FUNPREV,5,
03,Fundo Financeiro - FUNFIN,09,FUNDO FINANCEIRO - FUNFIN,5,
04,Serviço Funerário do Município de São Paulo,06,SERVIÇO FUNERÁRIO DO MUNICÍPIO DE SÃO PAULO,5,
05,Autarquia Hospitalar Municipal Regional Leste,11,Autarquia Hosp. Munic. Regional Leste,5,
05,São Paulo Urbanismo,30,SÃO PAULO URBANISMO,5,
06,Autarquia Hospitalar Municipal Regional Sudeste,12,Autarquia Hosp. Munic. Regional Sudeste,5,
06,São Paulo Turismo,29,SÃO PAULO TURISMO,5,
07,Fundo Municipal de Desenvolvimento Social,01,PREFEITURA DO MUNICÍPIO DE SÃO PAULO,5,
07,Autarquia Hospitalar Municipal Regional Sul,13,Autarquia Hosp. Munic. Regional Sul,5,
08,Fundo Municipal do Idoso,01,PREFEITURA DO MUNICÍPIO DE SÃO PAULO,5,
08,Autarquia Municipal de Serviços Auxiliares de Saúde,14,Autarquia Hosp. Munic. Regional Centro-Oeste,5,
09,Câmara Municipal de São Paulo,01,PREFEITURA DO MUNICÍPIO DE SÃO PAULO,5,
09,Câmara Municipal de São Paulo,18,CÂMARA MUNICIPAL,5,
09,Câmara Municipal de São Paulo,22,Fundo Especial de Despesas da Câmara,5,
10,Tribunal de Contas do Município de São Paulo,01,PREFEITURA DO MUNICÍPIO DE SÃO PAULO,5,
10,Tribunal de Contas do Município de São Paulo,19,TRIBUNAL DE CONTAS DO MUNICÍPIO DE SÃO PAULO,5,
10,Tribunal de Contas do Município de São Paulo,23,FUNDO ESPECIAL DE DESPESAS DO TCMSP,5,
11,Secretaria do Governo Municipal,01,PREFEITURA DO MUNICÍPIO DE SÃO PAULO,5,
12,Secretaria Municipal das Subprefeituras,01,PREFEITURA DO MUNICÍPIO DE SÃO PAULO,5,
13,Secretaria Municipal de Gestão,01,PREFEITURA DO MUNICÍPIO DE SÃO PAULO,5,
14,Secretaria Municipal de Habitação,01,PREFEITURA DO MUNICÍPIO DE SÃO PAULO,5,
15,"Secretaria Municipal  de Modernização, Gestão e Desburocratização",01,PREFEITURA DO MUNICÍPIO DE SÃO PAULO,5,
15,Cinema e Audiovisual de São Paulo,03,CINEMA E AUDIOVISUAL DE SÃO PAULO,5,
16,Secretaria Municipal de Educação,01,PREFEITURA DO MUNICÍPIO DE SÃO PAULO,5,
17,Secretaria Municipal da Fazenda,01,PREFEITURA DO MUNICÍPIO DE SÃO PAULO,5,
18,Secretaria Municipal da Saúde,01,PREFEITURA DO MUNICÍPIO DE SÃO PAULO,5,
19,Secretaria Municipal de Esportes e Lazer,01,PREFEITURA DO MUNICÍPIO DE SÃO PAULO,5,
20,Secretaria Municipal de Mobilidade Urbana e Transporte - SMT,01,PREFEITURA DO MUNICÍPIO DE SÃO PAULO,5,
21,Procuradoria Geral do Município - PGM,01,PREFEITURA DO MUNICÍPIO DE SÃO PAULO,5,
22,Secretaria Municipal de Infraestrutura Urbana e Obras,01,PREFEITURA DO MUNICÍPIO DE SÃO PAULO,5,
23,Secretaria Municipal de Inovação e Tecnologia,01,PREFEITURA DO MUNICÍPIO DE SÃO PAULO,5,
24,Secretaria Municipal de Assistência e Desenvolvimento Social,01,PREFEITURA DO MUNICÍPIO DE SÃO PAULO,5,
25,Secretaria Municipal de Cultura,01,PREFEITURA DO MUNICÍPIO DE SÃO PAULO,5,
26,Secretaria Municipal de Justiça,01,PREFEITURA DO MUNICÍPIO DE SÃO PAULO,5,
27,Secretaria Municipal do Verde e do Meio Ambiente,01,PREFEITURA DO MUNICÍPIO DE SÃO PAULO,5,
28,Encargos Gerais do Município,01,PREFEITURA DO MUNICÍPIO DE SÃO PAULO,5,
29,Secretaria Municipal de Urbanismo e Licenciamento,01,PREFEITURA DO MUNICÍPIO DE SÃO PAULO,5,
30,Secretaria Municipal de Desenvolvimento Econômico e Trabalho,01,PREFEITURA DO MUNICÍPIO DE SÃO PAULO,5,
31,Secretaria Municipal de Planejamento e Eficiência,01,PREFEITURA DO MUNICÍPIO DE SÃO PAULO,5,
32,Controladoria Geral do Município,01,PREFEITURA DO MUNICÍPIO DE SÃO PAULO,5,
33,Secretaria Municipal de Segurança Urbana,01,PREFEITURA DO MUNICÍPIO DE SÃO PAULO,5,
33,Agência Reg. de Serv. Públicos do Mun de São Paulo        ,07,AGÊNCIA REG. DE SERV. PÚBLICOS DE SÃO PAULO,5,
34,Secretaria Municipal de Direitos Humanos e Cidadania,01,PREFEITURA DO MUNICÍPIO DE SÃO PAULO,5,
35,Fundo Municipal de Defesa do Consumidor,01,PREFEITURA DO MUNICÍPIO DE SÃO PAULO,5,
36,Secretaria Municipal da Pessoa com Deficiência,01,PREFEITURA DO MUNICÍPIO DE SÃO PAULO,5,
36,Autoridade Municipal de Limpeza Urbana / Fundo Mun. de Limpeza Urbana,15,Autoridade Municipal de Limpeza Urbana/FMLU,5,
37,Secretaria Municipal de Desenvolvimento Urbano,01,PREFEITURA DO MUNICÍPIO DE SÃO PAULO,5,
38,Secretaria Municipal de Segurança Urbana,01,PREFEITURA DO MUNICÍPIO DE SÃO PAULO,5,
39,Fundo Especial da Procuradoria Geral do Município,01,PREFEITURA DO MUNICÍPIO DE SÃO PAULO,5,
40,Secretaria Municipal de Desestatização e Parcerias,01,PREFEITURA DO MUNICÍPIO DE SÃO PAULO,5,
41,Subprefeitura Perus/Anhanguera,01,PREFEITURA DO MUNICÍPIO DE SÃO PAULO,5,
42,Subprefeitura Pirituba/Jaraguá,01,PREFEITURA DO MUNICÍPIO DE SÃO PAULO,5,
43,Subprefeitura Freguesia/Brasilândia,01,PREFEITURA DO MUNICÍPIO DE SÃO PAULO,5,
44,Subprefeitura Casa Verde/Limão/Cachoeirinha ,01,PREFEITURA DO MUNICÍPIO DE SÃO PAULO,5,
45,Subprefeitura Santana/Tucuruvi,01,PREFEITURA DO MUNICÍPIO DE SÃO PAULO,5,
46,Subprefeitura Jaçanã/Tremembé,01,PREFEITURA DO MUNICÍPIO DE SÃO PAULO,5,
47,Subprefeitura Vila Maria/Vila Guilherme,01,PREFEITURA DO MUNICÍPIO DE SÃO PAULO,5,
48,Subprefeitura Lapa,01,PREFEITURA DO MUNICÍPIO DE SÃO PAULO,5,
49,Subprefeitura Sé,01,PREFEITURA DO MUNICÍPIO DE SÃO PAULO,5,
50,Subprefeitura Butantã,01,PREFEITURA DO MUNICÍPIO DE SÃO PAULO,5,
51,Subprefeitura Pinheiros,01,PREFEITURA DO MUNICÍPIO DE SÃO PAULO,5,
52,Subprefeitura Vila Mariana,01,PREFEITURA DO MUNICÍPIO DE SÃO PAULO,5,
53,Subprefeitura Ipiranga,01,PREFEITURA DO MUNICÍPIO DE SÃO PAULO,5,
54,Subprefeitura Santo Amaro,01,PREFEITURA DO MUNICÍPIO DE SÃO PAULO,5,
55,Subprefeitura Jabaquara,01,PREFEITURA DO MUNICÍPIO DE SÃO PAULO,5,
56,Subprefeitura Cidade Ademar,01,PREFEITURA DO MUNICÍPIO DE SÃO PAULO,5,
57,Subprefeitura Campo Limpo,01,PREFEITURA DO MUNICÍPIO DE SÃO PAULO,5,
58,Subprefeitura M'Boi Mirim,01,PREFEITURA DO MUNICÍPIO DE SÃO PAULO,5,
59,Subprefeitura Capela do Socorro,01,PREFEITURA DO MUNICÍPIO DE SÃO PAULO,5,
60,Subprefeitura Parelheiros,01,PREFEITURA DO MUNICÍPIO DE SÃO PAULO,5,
61,Subprefeitura Penha,01,PREFEITURA DO MUNICÍPIO DE SÃO PAULO,5,
62,Subprefeitura Ermelino Matarazzo,01,PREFEITURA DO MUNICÍPIO DE SÃO PAULO,5,
63,Subprefeitura São Miguel Paulista,01,PREFEITURA DO MUNICÍPIO DE SÃO PAULO,5,
64,Subprefeitura Itaim Paulista,01,PREFEITURA DO MUNICÍPIO DE SÃO PAULO,5,
65,Subprefeitura Mooca,01,PREFEITURA DO MUNICÍPIO DE SÃO PAULO,5,
66,Subprefeitura Aricanduva/Formosa/Carrão,01,PREFEITURA DO MUNICÍPIO DE SÃO PAULO,5,
67,Subprefeitura Itaquera,01,PREFEITURA DO MUNICÍPIO DE SÃO PAULO,5,
68,Subprefeitura de Guaianases,01,PREFEITURA DO MUNICÍPIO DE SÃO PAULO,5,
69,Subprefeitura de Vila Prudente,01,PREFEITURA DO MUNICÍPIO DE SÃO PAULO,5,
70,Subprefeitura São Mateus,01,PREFEITURA DO MUNICÍPIO DE SÃO PAULO,5,
71,Subprefeitura Cidade Tiradentes,01,PREFEITURA DO MUNICÍPIO DE SÃO PAULO,5,
72,Subprefeitura Sapopemba,01,PREFEITURA DO MUNICÍPIO DE SÃO PAULO,5,
73,Secretaria Municipal de Relações Internacionais,01,PREFEITURA DO MUNICÍPIO DE SÃO PAULO,5,
74,Secretaria Municipal de Turismo,01,PREFEITURA DO MUNICÍPIO DE SÃO PAULO,5,
75,Fundo Municipal de Parques,01,PREFEITURA DO MUNICÍPIO DE SÃO PAULO,5,
76,Fundo Especial de Despesas da Câmara Municipal de São Paulo,22,Fundo Especial de Despesas da Câmara,5,
77,Fundo Especial de Despesas do Tribunal de Contas ,23,FUNDO ESPECIAL DE DESPESAS DO TCMSP,5,
78,Fundo de Abastecimento Alimentar de São Paulo,01,PREFEITURA DO MUNICÍPIO DE SÃO PAULO,5,
79,Secretaria Municipal de Políticas para as Mulheres,01,PREFEITURA DO MUNICÍPIO DE SÃO PAULO,5,
80,"Fundação Paulistana de Educação, Tecnologia e Cultura",01,PREFEITURA DO MUNICÍPIO DE SÃO PAULO,5,
80,Fundação Paulistana de Educação Tecnologia e Cultura,16,FUNDAÇÃO PAULISTANA DE EDUCAÇÃO E TECNOLOGIA,5,
81,Autoridade Municipal de Limpeza Urbana/Fundo Municipal Limpeza Urbana,15,Autoridade Municipal de Limpeza Urbana/FMLU,5,
81,Fundo Municipal Limpeza Urbana,81,FUNDO MUNICIPAL DE LIMPEZA URBANA,5,
82,Fundação Catavento,01,PREFEITURA DO MUNICÍPIO DE SÃO PAULO,5,
82,Fundação Catavento,17,Fundação Catavento,5,
83,Companhia Metropolitana de Habitação de São Paulo,83,COMPANHIA METROPOLITANA DE HABITAÇÃO DE SÃO PAULO,5,
84,Fundo Municipal de Saúde,01,PREFEITURA DO MUNICÍPIO DE SÃO PAULO,5,
85,Fundação Theatro Municipal de São Paulo,85,FUNDAÇÃO THEATRO MUNICIPAL DE SÃO PAULO,5,
86,Fundo Municipal de Saneamento Ambiental e Infraestrutura,01,PREFEITURA DO MUNICÍPIO DE SÃO PAULO,5,
87,Fundo Municipal de Desenvolvimento de Trânsito,01,PREFEITURA DO MUNICÍPIO DE SÃO PAULO,5,
88,Fundo de Preservação do Patrimônio Histórico e Cultural,01,PREFEITURA DO MUNICÍPIO DE SÃO PAULO,5,
89,Fundo Municipal de Esportes e Lazer,01,PREFEITURA DO MUNICÍPIO DE SÃO PAULO,5,
90,Fundo Municipal dos Direitos da Criança e do Adolescente,01,PREFEITURA DO MUNICÍPIO DE SÃO PAULO,5,
91,Fundo Municipal de Habitação,01,PREFEITURA DO MUNICÍPIO DE SÃO PAULO,5,
91,Fundo Municipal de Habitação,91,Fundo Municipal de Habitação - COHAB,5,
92,"Fundo Municipal do Trabalho, Emprego e Renda",01,PREFEITURA DO MUNICÍPIO DE SÃO PAULO,5,
93,Fundo Municipal de Assistência Social,01,PREFEITURA DO MUNICÍPIO DE SÃO PAULO,5,
94,Fundo Especial do Meio Ambiente e Desenvolvimento Sustentável,01,PREFEITURA DO MUNICÍPIO DE SÃO PAULO,5,
95,Fundo Especial de Promoção de Atividades Culturais,01,PREFEITURA DO MUNICÍPIO DE SÃO PAULO,5,
96,Fundo Municipal de Turismo,01,PREFEITURA DO MUNICÍPIO DE SÃO PAULO,5,
97,Fundo de Proteção do Patrimônio Cultural e Ambiental Paulistano,01,PREFEITURA DO MUNICÍPIO DE SÃO PAULO,5,
98,Fundo de Desenvolvimento Urbano,01,PREFEITURA DO MUNICÍPIO DE SÃO PAULO,5,
99,Fundo Municipal de Iluminação Pública,01,PREFEITURA DO MUNICÍPIO DE SÃO PAULO,5,
