codPrograma,txtDescricaoPrograma,modifiedMode,usuarioOperacao
0000,Encargos Especiais,5,
0100,"Nascer, Viver e Morrer Bem",5,
0101,Alistamento Militar,5,
0102,Programa Bolsa-Trabalho,5,
0103,Saúde Integral ao Seu Alcance,5,
0104,"Políticas Públicas de Esporte, Lazer e Recreação",5,
0105,Orçamento Participativo,5,
0106,Aperfeiçoamento na Área de Recursos Humanos,5,
0107,Estruturação de Sistema Público de Emprego,5,
0108,Hospital Amigo da Família,5,
0109,Rede Competência SUS-Municipal,5,
0111,Assistência a Moradores em Áreas de Risco,5,
0113,Assistência Alimentar,5,
0114,Assistência Ambulatorial,5,
0116,Assistência e Tratamento do Alcoolismo na Pref. Munic. S.Paulo,5,
0117,Assistência Jurídica a Necessitados e Idosos,5,
0118,Assistência Social Geral,5,
0119,Assistência a Criança e ao Adolescente,5,
0121,Assistência a Pessoas com Deficiência,5,
0122,Atendimento de Primeiros Socorros ao Servidor Público,5,
0124,Gestão Cidadã,5,
0125,Atualiz.Confec. e Encadern. de Mapa Oficial da Cidade - MOC,5,
0127,Benefícios a Servidores Ativos,5,
0128,Benefícios a Servidores Inativos/Pensionistas,5,
0129,Benefícios a Servidores,5,
0130,Capacitação e Aperfeiçoamento de Profissionais,5,
0131,Capacitação e Aperfeiçoamento do Servidor Público,5,
0133,Cobrança da Dívida Ativa,5,
0134,Comunicação,5,
0135,Confecção e Atualização de Mapas de Valores Cadlog-PGV,5,
0136,Programa de Loteamento e Arruamento em Habitação,5,
0139,Controle e Erradicação de Endemias,5,
0140,Controle e Segurança de Tráfego Urbano,5,
0143,Crédito Popular Solidário - Banco do Povo,5,
0144,Defesa Civil - Prevenção e Emergência,5,
0145,Defesa Contra Sinistros,5,
0146,Programa Começar de Novo,5,
0149,Divulgação Oficial,5,
0150,Edificação de Próprios Municipais,5,
0151,Educação a Criança - Creche,5,
0152,Educação Ambiental,5,
0153,Educação Especial,5,
0155,"Eventos Esportivos, de Lazer e Recreação",5,
0156,Empregabilidade,5,
0157,Ensino de Graduação,5,
0158,Ensino Fundamental,5,
0159,Ensino Supletivo e Profissionalizante,5,
0160,Entrega de Avisos e Carnês de Tributos Imobiliários,5,
0161,Entrega de Avisos e Carnês de Tributos Mobiliários,5,
0164,Eventos Internacionais,5,
0165,"Fiscalização Contábil, Financeira e Orçamentária",5,
0166,Formação do Patrimônio do Servidor Municipal,5,
0169,Gestão do Sistema de Informatização,5,
0170,Habitação,5,
0171,Herança Jacente,5,
0172,Iluminação  Pública,5,
0173,Indenização a Servidores Municipais,5,
0174,Indenização por Desligamento Voluntário de Servidores Municipais,5,
0175,Informações Geográficas e Estatísticas,5,
0176,Informatização,5,
0177,Investimento na Área de Informática,5,
0179,Infra-Estrutura em Regiões Periféricas,5,
0180,Infra-Estrutura para o Desenvolvimento Urbano,5,
0181,Infra-Estrutura para o Fluxo Viário,5,
0182,Intervenção no Sistema Viário,5,
0183,Investimento Habitacional,5,
0184,Limpeza Hospitalar,5,
0185,Limpeza Pública,5,
0186,Manutenção de Equipamentos em Geral,5,
0187,Melhoria da Qualidade e Expansão do Atendimento,5,
0189,Quota Estadual Salário Educação - QESE,5,
0190,Melhoria do Desempenho Profissional dos Servidores,5,
0191,Investimento em Transporte de Passageiros,5,
0192,Melhorias e Benfeitorias,5,
0193,Investimento em Engenharia de Tráfego,5,
0194,Estudo para Ocupação Ordenada do Espaço Urbano,5,
0195,Ordenamento de Estratégias de Ações Ambientais,5,
0197,Planejamento e Desenvolvimento Urbano,5,
0198,Policiamento Civil,5,
0199,Policiamento de Trânsito,5,
0200,Políticas Habitacionais,5,
0201,Prevenção e Defesa Contra Inundações,5,
0202,Previdência ao Pensionista Municipal,5,
0203,Previdência Complementar,5,
0204,Previdência dos Servidores Públicos Municipais,5,
0205,Previdência Social,5,
0206,Previdência Social a Inativos e Pensionistas,5,
0207,Previdência Social a Segurados,5,
0208,Processamento de Feitos,5,
0209,Processo Legislativo e de Fiscalização,5,
0210,Produção de Lixo Reciclado,5,
0211,Produção de Massa Asfáltica,5,
0212,Programa Bolsa-Escola,5,
0214,Programa de Controle de Qualidade Ambiental,5,
0215,Programa de Emprego e Renda,5,
0216,Programa de Estagiários,5,
0217,Programa de Estímulo Cultural,5,
0220,Programa de Revitalização e Construção de Habitações,5,
0221,Programa de Melhoria Urbana,5,
0224,Programa de  Prevenção e Defesa Contra Inundações,5,
0225,Programa de Proteção ao Meio Ambiente,5,
0226,Promoção de Turismo,5,
0227,Promoção e Apoio de Atividades Culturais Cívicas e Turísticas,5,
0228,Recuperação de Áreas Degradadas,5,
0231,Suporte Educacional,5,
0232,Repasse ao FUNSET - Lei,5,
0234,Revitalização de Áreas Urbanas,5,
0235,Saneamento Ambiental em Bacias Hidrográficas,5,
0236,Segurança do Patrimônio Público,5,
0237,Segurança Escolar,5,
0238,Promoção do Esporte,5,
0239,Serviço Funerário,5,
0240,Serviços de Informações,5,
0241,Serviços de Inspeção e Segurança,5,
0242,Serviços de Manutenção de Parques e Viveiros,5,
0243,Serviços de Manutenção e Saneamento Básico,5,
0244,Serviços de Manutenção em Áreas Ajardinadas,5,
0245,Serviços de Manutenção em Obras Públicas,5,
0246,Serviços de Manutenção em Vias Públicas,5,
0247,Serviços de Microfilmagem,5,
0248,Serviços de Transporte Urbano,5,
0249,Serviços Diversos de Manutenção Urbana,5,
0251,Suporte Administrativo,5,
0252,Suporte Financeiro,5,
0253,Ação Coletiva do Trabalho,5,
0255,Transporte Metropolitano,5,
0256,Transporte Urbano,5,
0257,Urbanismo,5,
0258,Investimento em Turismo,5,
0259,Infra-Estrutura para o Saneamento Básico,5,
0260,Educação Pré-Escolar,5,
0261,Ensino Médio,5,
0262,Controle de Qualidade dos Alimentos,5,
0263,Abastecimento - Controle e Fiscalização,5,
0264,Assistência Técnica Agropecuária,5,
0265,Programa Municipal de Alimentação,5,
0266,Programa de Gestão e Controle do Impacto Ambiental,5,
0267,Programa Nacional de Alimentação Escolar - PNAE/FNDE,5,
0268,Conservação e  Melhoria da Qualidade do Desporto e Lazer,5,
0269,Investimento em Urbanização,5,
0270,Controle e Fiscalização de Centros de Abastecimento,5,
0271,Programas de Abastecimento à Comunidade,5,
0272,Programa de Banco de Alimentos,5,
0273,Programa de Incentivo da Produção Agrícola,5,
0274,Planejamento Urbano,5,
0275,Assistência às Pessoas Idosas,5,
0276,Assistência à População de Rua,5,
0278,Prog. Canal. Cor. Impl. Vias e Recup. Amb. e Soc. Fundo Vale - PROCAV,5,
0279,Ampliação e Benfeitorias - Obras,5,
0282,Previdência Social a Pensionistas,5,
0283,Previdência Social a Segurados e Pensionistas,5,
0284,Comércio de Serviços Funerários,5,
0285,Aperfeiçoamento Profissional,5,
0286,Assistência Médico-Hospitalar,5,
0287,Locação de Leitos,5,
0288,Serviços Médicos Contratados,5,
0289,Assistência Farmacêutica,5,
0290,Fundo de Manutenção e Melhoria,5,
0291,Reembolso ao Serviço Funerário,5,
0292,Divulgação do Legislativo,5,
0293,Programa de Capacitação Ocupacional,5,
0294,Programa de Alocação de Trabalhadores,5,
0295,Programa de Reestruturação Prod. e  Relações do Trabalho,5,
0296,Promoção do Desporto Educacional,5,
0297,Programa Bolsa-Educação,5,
0300,Alfabetização de Jovens e Adultos - MOVA,5,
0301,Educação de Jovens e Adultos,5,
0302,Sistema de Gestão de Informações,5,
0303,Garantia de Acesso e Permanência,5,
0304,Educação Integrada,5,
0305,Teatros Municipais,5,
0306,Bibliotecas Municipais,5,
0307,"Patrimônio Histórico, Artístico e Arqueológico",5,
0308,Prevenção a Enchentes,5,
0309,Revitalização de Bairros,5,
0310,Contenção em Áreas de Risco Geológico,5,
0311,Programas de Estudos Astronômicos,5,
0312,"Combate à Pobreza, à Desigualdade e ao Desemprego",5,
0313,Programa de Recuperação Ambiental,5,
0314,Inclusão Digital,5,
0315,Coleta Seletiva Solidária,5,
0316,Promoção de Relações Nacionais e Internacionais,5,
0317,Ação Centro-BID,5,
0318,Promoção da Cidadania,5,
0319,Confecção e Atualização de Mapas e Planta Genérica de Valores-Cadlog,5,
0320,Gestão de Consumo de Energia Elétrica,5,
0321,Ensino Profissional,5,
0322,Integralidade da Atenção,5,
0323,Fortalecimento de Assistência à Saúde,5,
0324,SUS com Qualidade,5,
0325,Capacitação Profissional,5,
0326,Desenvolvimento Territorial/Setorial,5,
0327,Serviços Integrados ao Trabalhador,5,
0328,Ampliação do Tempo de Permanência do Aluno,5,
0329,Educação Indígena,5,
0330,Ensino Técnico,5,
0331,Educação Infantil,5,
0332,Qualidade do Ensino e Formação Profissional,5,
0333,Mobilidade e Acessibilidade,5,
0334,Qualidade de Vida Urbana e Ambiental,5,
0335,Integração Metropolitana,5,
0336,Operações Especiais,5,
0337,Promoção de Desenvolvimento Local,5,
0338,Promoção de Acessibilidade,5,
0339,Proteção ao Meio Ambiente e a Qualidade de Vida,5,
0340,Sistema de Informação e Processamento de Dados,5,
0341,Fortalecimento Institucional e Melhoria da Gestão,5,
0342,Reabilitação Social no Centro,5,
0343,Assistência e Desenvolvimento Social à Família-Proteção Social Básica,5,
0344,Assistência à Pessoa em Situação de Risco-Proteção Social e Especial,5,
0345,Mananciais,5,
0346,Regularização de Loteamentos Irregulares,5,
0347,Revitalização de Empreendimentos Habitacionais (3R s),5,
0348,Produção de Soluções de Moradia,5,
0349,Proteção Cidadã,5,
0350,Promoção e Defesa dos Direitos Humanos,5,
0351,Gestão Tributária,5,
0352,Programa Municipal de Alimentação Escolar,5,
0353,Programa de Abastecimento à Comunidade,5,
0354,Governo Eletrônico,5,
0355,Assistência Farmacêutica,5,
0356,Programa Municipal de Parcerias Público-Privadas,5,
1111,Acesso à saúde e qualidade no atendimento - Integralidade da atenção,5,
1112,Acesso à saúde e qualidade no atendimento - Fortalecimento de assistência a saúde,5,
1113,Acesso à saúde e qualidade no atendimento - SUS com qualidade,5,
1114,Acesso à saúde e qualidade no atendimento - Assistência farmacêutica,5,
1121,Acesso à educação e qualidade do ensino - Educação infantil,5,
1122,Acesso à educação e qualidade do ensino - Ensino fundamental,5,
1123,Acesso à educação e qualidade do ensino - Educação de jovens e adultos,5,
1124,Acesso à educação e qualidade do ensino - Educação integrada,5,
1125,Acesso à educação e qualidade do ensino - Educação especial,5,
1126,Acesso à educação e qualidade do ensino - Ampliação do tempo de permanência do aluno,5,
1127,"Acesso à educação e qualidade do ensino - Formação, Avaliação e Aprimoramento do Ensino",5,
1128,Acesso à educação e qualidade do ensino - Alimentação escolar,5,
1131,Acesso à moradia - Urbanização de favelas,5,
1132,Acesso à moradia - Regularização fundiária,5,
1133,Acesso à moradia - Ações de habitação,5,
1141,Fortalecimento da rede de proteção social - Básica,5,
1142,Fortalecimento da rede de proteção social - Especial,5,
1143,Fortalecimento da rede de proteção social - Assistência Geral,5,
1150,Ampliação das políticas de inclusão para cidadãos com deficiência e mobilidade reduzida,5,
1160,Defesa dos direitos humanos,5,
1170,Ampliação da proteção ao cidadão,5,
1210,Cidade mais verde,5,
1220,Preservação dos recursos hídricos,5,
1230,Melhoria da drenagem urbana,5,
1240,Gestão adequada dos resíduos sólidos,5,
1250,Redução das emissões de poluentes na atmosfera,5,
1261,Melhoria da mobilidade urbana - Eficiência no trânsito,5,
1262,Melhoria da mobilidade urbana - Transporte público,5,
1263,Melhoria da mobilidade urbana - Integração metropolitana,5,
1270,Ações de economia sustentável,5,
1280,Incentivo à cultura de paz,5,
1310,Fortalecimento/Requalificação do Centro - BID,5,
1320,Incentivo à produção cultural e à interação criativa,5,
1330,Consolidação da cidade como marco nacional em esporte e lazer,5,
1340,Afirmação da cidade como referência mundial em eventos e turismo,5,
1410,Estímulo ao emprego e à qualificação dos trabalhadores,5,
1420,Incentivo ao empreendedorismo e ao ambiente de negócios,5,
1430,Atração de novos parceiros e investimentos internacionais,5,
1440,Priorização de áreas estratégicas para a criação de empregos e negócios,5,
1450,Promoção do desenvolvimento econômico e social da Zona Leste,5,
1460,Aprimoramento da infraestrutura urbana,5,
1510,Agilidade nos processos internos,5,
1520,Eficiência e transparência na gestão dos recursos,5,
1530,Qualidade da receita e da despesa,5,
1540,Capacitação do funcionalismo,5,
2110,Melhoria da qualidade do ensino - Ensino Médio,5,
2120,Melhoria da qualidade do ensino - Ensino Profissional,5,
2130,Defesa Civil - Prevenção e Emergência,5,
2140,Serviço Funerário,5,
2210,Gerenciamento do sistema de abastecimento,5,
2310,"Patrimônio histórico, artístico e arqueológico",5,
2320,Promoção de atividades culturais,5,
2610,Suporte administrativo,5,
2620,Sistema de informação e processamento de dados,5,
2710,Processo Legislativo,5,
2810,Controle Externo,5,
2910,Ile de France,5,
2920,Divulgação Oficial,5,
2930,Projeto de Inclusão Social Urbana - Nós do Centro/União Européia,5,
2940,Previdência dos servidores,5,
2950,Benefícios a servidores,5,
3001,Acesso à Cultura,5,
3002,Acesso à Moradia Adequada ,5,
3003,"Ações e Serviços da Saúde em Atenção Básica, Especialidades e Vigilância",5,
3004,Benefícios e Previdência de Funcionários,5,
3005,Promoção da Sustentabilidade Ambiental,5,
3006,Promoção dos Direitos da Pessoa com Deficiência,5,
3007,Promoção dos Direitos da População Idosa,5,
3008,Gestão dos Riscos e Promoção da Resiliência a Desastres e Eventos Críticos,5,
3009,Melhoria da Mobilidade Urbana Universal,5,
3010,"Manutenção, Desenvolvimento e Promoção da Qualidade da Educação",5,
3011,"Modernização Tecnológica, Desburocratização e Inovação do Serviço Público",5,
3012,"Participação, Transparência e Controle Social da Administração Pública",5,
3013,"Promoção da Segurança Urbana, Prevenção e Proteção às Vítimas de Violência",5,
3014,Processo Legislativo e Controle Externo,5,
3015,Promoção da Cidade como Referência Global e Destino Turístico,5,
3016,Nutrição e Promoção da Segurança Alimentar,5,
3017,"Promoção de Atividades Esportivas, Recreativas e de Lazer",5,
3018,"Promoção da Cidadania, Inclusão Digital e Valorização da Diversidade",5,
3019,Promoção do Crescimento Econômico e Geração de Postos de Trabalho e Oportunidades,5,
3020,Promoção da Economia Criativa,5,
3021,"Qualidade, Eficiência e Sustentabilidade do Orçamento Público",5,
3022,Requalificação e Promoção da Ocupação dos Espaços Públicos,5,
3023,Proteção à População em Situação de Vulnerabilidade Social,5,
3024,Suporte Administrativo,5,
3025,Proteção e Desenvolvimento Integral na Primeira Infância,5,
3026,Ações e Serviços da Saúde em Atenção Hospitalar e de Urgência e Emergência,5,
3027,Ações e Serviços da Saúde Animal,5,
9999,Reserva de Contingência,5,
