codEmpresa,nomEmpresa,numReserva,codEmpenho,anoEmpenho,mesEmpenho,datEmpenho,codProcesso,numCpfCnpj,txtRazaoSocial,numContrato,anoContrato,codOrgao,txDescricaoOrgao,codUnidade,txDescricaoUnidade,codFuncao,txDescricaoFuncao,codSubFuncao,txDescricaoSubFuncao,codPrograma,txDescricaoPrograma,codProjetoAtividade,txDescricaoProjetoAtividade,codCategoria,txDescricaoCategoriaEconomica,codGrupo,txDescricaoGrupoDespesa,codModalidade,txDescricaoModalidade,codElemento,txDescricaoElemento,codFonteRecurso,txDescricaoFonteRecurso,codItemDespesa,txDescricaoItemDespesa,codSubElemento,txDescricaoSubElementoDespesa,valTotalEmpenhado,valAnuladoEmpenho,valEmpenhadoLiquido,valLiquidado,valPagoExercicio,valPagoRestos,anexos,codReferencia,codDestinacaoRecurso,codVinculacaoRecurso,codExeFonte,numeroOriginalContrato
01,PREFEITURA DO MUNICÍPIO DE SÃO PAULO,18820,24616,2021,3,16/03/2021 00:00:00,6020202000114957,02120261000170,SHOP SIGNS OBRAS E SERVICOS LTDA,24550,2020,07,Fundo Municipal de Desenvolvimento Social,10,Fundo Municipal de Desenvolvimento Social,26,Transporte,785,Transportes Especiais,3009,Melhoria da mobilidade urbana universal,1098,"Ampliação, Reforma e Requalificação de Ciclovias, Ciclofaixas e Ciclor",4,Despesas de Capital,4,Investimentos,90,Aplicações Diretas,39,Manutenção e Conservação de Bens Imóveis,08,Tesouro Municipal - Recursos Vinculados,1,Manutenção e Reformas de Bens Imóveis,1,Outros Serviços de Terceiros - Pessoa Jurídica,2176945.67,142394.14,2034551.53,2034551.53,2034551.53,0.0,"[{""siglaUnidadeMedida"": ""UN"", ""descricaoAnexo"": ""Contrato nº 30/2020-SMT – Serviços de manutenção do Sistema Cicloviário da Cidade de São Paulo – LOTE 2"", ""qtdeAnexo"": 1, ""valorUnitarioAnexo"": 2176945.67}]",,,,,
01,PREFEITURA DO MUNICÍPIO DE SÃO PAULO,18820,24623,2021,3,16/03/2021 00:00:00,6020202000123832,03643992000163,BB ENGENHARIA E CONSTRUCOES S A,27111,2020,07,Fundo Municipal de Desenvolvimento Social,10,Fundo Municipal de Desenvolvimento Social,26,Transporte,785,Transportes Especiais,3009,Melhoria da mobilidade urbana universal,1098,"Ampliação, Reforma e Requalificação de Ciclovias, Ciclofaixas e Ciclor",4,Despesas de Capital,4,Investimentos,90,Aplicações Diretas,39,Manutenção e Conservação de Bens Imóveis,08,Tesouro Municipal - Recursos Vinculados,1,Manutenção e Reformas de Bens Imóveis,1,Outros Serviços de Terceiros - Pessoa Jurídica,1667244.1,1681.85,1665562.25,1665562.25,1665562.25,0.0,"[{""siglaUnidadeMedida"": ""UN"", ""descricaoAnexo"": ""Contrato 33/2020-SMT – Serviços de manutenção do Sistema Cicloviário da Cidade de São Paulo – LOTE 1"", ""qtdeAnexo"": 1, ""valorUnitarioAnexo"": 1667244.1}]",,,,,
01,PREFEITURA DO MUNICÍPIO DE SÃO PAULO,18820,24757,2021,3,16/03/2021 00:00:00,6020202000089308,53591103000130,FLORESTANA CONSTRUCOES E SERVICOS LTDA,23526,2020,07,Fundo Municipal de Desenvolvimento Social,10,Fundo Municipal de Desenvolvimento Social,26,Transporte,785,Transportes Especiais,3009,Melhoria da mobilidade urbana universal,1098,"Ampliação, Reforma e Requalificação de Ciclovias, Ciclofaixas e Ciclor",4,Despesas de Capital,4,Investimentos,90,Aplicações Diretas,39,Manutenção e Conservação de Bens Imóveis,08,Tesouro Municipal - Recursos Vinculados,1,Manutenção e Reformas de Bens Imóveis,1,Outros Serviços de Terceiros - Pessoa Jurídica,3413093.38,306903.09,3106190.29,3106190.29,3106190.29,0.0,"[{""siglaUnidadeMedida"": ""UN"", ""descricaoAnexo"": ""Contrato nº 29/2020-SMT – . – LOTE 3"", ""qtdeAnexo"": 1, ""valorUnitarioAnexo"": 3413093.38}]",,,,,
01,PREFEITURA DO MUNICÍPIO DE SÃO PAULO,18820,25085,2021,3,18/03/2021 00:00:00,6020202000089308,53591103000130,FLORESTANA CONSTRUCOES E SERVICOS LTDA,23526,2020,07,Fundo Municipal de Desenvolvimento Social,10,Fundo Municipal de Desenvolvimento Social,26,Transporte,785,Transportes Especiais,3009,Melhoria da mobilidade urbana universal,1098,"Ampliação, Reforma e Requalificação de Ciclovias, Ciclofaixas e Ciclor",4,Despesas de Capital,4,Investimentos,90,Aplicações Diretas,39,Manutenção e Conservação de Bens Imóveis,08,Tesouro Municipal - Recursos Vinculados,1,Manutenção e Reformas de Bens Imóveis,1,Outros Serviços de Terceiros - Pessoa Jurídica,1884840.05,41354.9,1843485.15,1843485.15,1843485.15,0.0,"[{""siglaUnidadeMedida"": ""UN"", ""descricaoAnexo"": ""Serviços de manutenção do Sistema Cicloviário da Cidade de São Paulo – LOTE 3"", ""qtdeAnexo"": 1, ""valorUnitarioAnexo"": 1884840.05}]",,,,,
01,PREFEITURA DO MUNICÍPIO DE SÃO PAULO,18820,26391,2021,3,22/03/2021 00:00:00,6020202000114930,02120261000170,SHOP SIGNS OBRAS E SERVICOS LTDA,24545,2020,07,Fundo Municipal de Desenvolvimento Social,10,Fundo Municipal de Desenvolvimento Social,26,Transporte,785,Transportes Especiais,3009,Melhoria da mobilidade urbana universal,1098,"Ampliação, Reforma e Requalificação de Ciclovias, Ciclofaixas e Ciclor",4,Despesas de Capital,4,Investimentos,90,Aplicações Diretas,39,Manutenção e Conservação de Bens Imóveis,08,Tesouro Municipal - Recursos Vinculados,1,Manutenção e Reformas de Bens Imóveis,1,Outros Serviços de Terceiros - Pessoa Jurídica,3401978.15,1070594.46,2331383.69,2331383.69,2331383.69,0.0,"[{""siglaUnidadeMedida"": ""UN"", ""descricaoAnexo"": ""Serviços de manutenção do Sistema Cicloviário da Cidade de São Paulo – LOTE 4"", ""qtdeAnexo"": 1, ""valorUnitarioAnexo"": 3401978.15}]",,,,,
01,PREFEITURA DO MUNICÍPIO DE SÃO PAULO,18825,28582,2021,3,27/03/2021 00:00:00,6020202000107110,47902648000117,COMPANHIA DE ENGENHARIA DE TRAFEGO - CET,5719,2021,07,Fundo Municipal de Desenvolvimento Social,10,Fundo Municipal de Desenvolvimento Social,26,Transporte,785,Transportes Especiais,3009,Melhoria da mobilidade urbana universal,1098,"Ampliação, Reforma e Requalificação de Ciclovias, Ciclofaixas e Ciclor",4,Despesas de Capital,4,Investimentos,90,Aplicações Diretas,39,Outros Serviços de Terceiros - Pessoa Jurídica,08,Tesouro Municipal - Recursos Vinculados,1,CET,9,Outros Serviços de Terceiros - Pessoa Jurídica,21564145.43,0.0,21564145.43,21564145.43,21564145.43,0.0,"[{""siglaUnidadeMedida"": ""SER"", ""descricaoAnexo"": "" 2º TA – Contrato nº 01/SMT/2021 - Prestação dos serviços de engenharia de tráfego e educação de trânsito no Município de São Paulo.\n\n "", ""qtdeAnexo"": 1, ""valorUnitarioAnexo"": 21564145.43}]",,,,,
01,PREFEITURA DO MUNICÍPIO DE SÃO PAULO,18879,30951,2021,4,07/04/2021 00:00:00,5010202000038862,60498417000158,SAO PAULO TRANSPORTE SA,6672,2021,07,Fundo Municipal de Desenvolvimento Social,10,Fundo Municipal de Desenvolvimento Social,26,Transporte,453,Transportes Coletivos Urbanos,3009,Melhoria da mobilidade urbana universal,5394,"Ampliação, Reforma e Requalificação nas Áreas de Parada e Plataforma d",4,Despesas de Capital,4,Investimentos,90,Aplicações Diretas,51,Obras em Andamento - Uso Comum do Povo,08,Tesouro Municipal - Recursos Vinculados,2,Terminais de Ônibus e Abrigos para Passageiros ,8,Obras e Instalações,9734444.12,438934.32,9295509.8,9295509.8,9295509.8,0.0,"[{""siglaUnidadeMedida"": ""UN"", ""descricaoAnexo"": ""Termo Aditivo Convênio 001/2021 * SMTxSPTrans"", ""qtdeAnexo"": 1, ""valorUnitarioAnexo"": 9734444.12}]",,,,,
01,PREFEITURA DO MUNICÍPIO DE SÃO PAULO,14302,32459,2021,4,14/04/2021 00:00:00,7610202000017749,33113646000134,HABITA LOTE 12 SA,16630,2020,07,Fundo Municipal de Desenvolvimento Social,10,Fundo Municipal de Desenvolvimento Social,26,Transporte,785,Transportes Especiais,3009,Melhoria da mobilidade urbana universal,1097,"Construção de Ciclovias, Ciclofaixas e Ciclorrotas",4,Despesas de Capital,4,Investimentos,90,Aplicações Diretas,51,Obras em Andamento - Uso Comum do Povo,08,Tesouro Municipal - Recursos Vinculados,1,Pavimentação de Ruas e Avenidas ,8,Obras e Instalações,4881269.64,1204.0,4880065.64,4880065.64,4880065.64,0.0,"[{""siglaUnidadeMedida"": ""UN."", ""descricaoAnexo"": ""Execução das obras e serviços contratados no âmbito do Lote 01 - CTR PPP 01/19 conforme Termo de Cooperação COHAB-SP 01.01/20"", ""qtdeAnexo"": 1, ""valorUnitarioAnexo"": 4881269.64}]",,,,,01.01/20
01,PREFEITURA DO MUNICÍPIO DE SÃO PAULO,14302,32463,2021,4,14/04/2021 00:00:00,7610202000017757,33113646000134,HABITA LOTE 12 SA,16633,2020,07,Fundo Municipal de Desenvolvimento Social,10,Fundo Municipal de Desenvolvimento Social,26,Transporte,785,Transportes Especiais,3009,Melhoria da mobilidade urbana universal,1097,"Construção de Ciclovias, Ciclofaixas e Ciclorrotas",4,Despesas de Capital,4,Investimentos,90,Aplicações Diretas,51,Obras em Andamento - Uso Comum do Povo,08,Tesouro Municipal - Recursos Vinculados,1,Pavimentação de Ruas e Avenidas ,8,Obras e Instalações,1499521.89,0.0,1499521.89,1499521.89,1499521.89,0.0,"[{""siglaUnidadeMedida"": ""UN."", ""descricaoAnexo"": ""Pagamento das medições de janeiro e fevereiro/2021 referente a execução das obras e serviços contratados no âmbito do Lote 12 - CTR PPP 06/19 conforme Termo de Cooperação COHAB-SP 06.01/20 e aditamento 06.02/20"", ""qtdeAnexo"": 1, ""valorUnitarioAnexo"": 1499521.89}]",,,,,06.01/20
01,PREFEITURA DO MUNICÍPIO DE SÃO PAULO,25900,35087,2021,4,28/04/2021 00:00:00,6012201900078840,01065014000156,FREMIX PAVIMENTACAO E CONSTRUCOES LTDA ,26934,2019,07,Fundo Municipal de Desenvolvimento Social,10,Fundo Municipal de Desenvolvimento Social,15,Urbanismo,452,Serviços Urbanos,3022,Requalificação e promoção da ocupação dos espaços públicos,1137,Pavimentação e Recapeamento de Vias,4,Despesas de Capital,4,Investimentos,90,Aplicações Diretas,39,Manutenção e Conservação de Bens Imóveis,08,Tesouro Municipal - Recursos Vinculados,1,Manutenção e Reformas de Bens Imóveis,1,Outros Serviços de Terceiros - Pessoa Jurídica,2345568.61,0.0,2345568.61,2345568.61,2345568.61,0.0,"[{""siglaUnidadeMedida"": ""UN"", ""descricaoAnexo"": ""Ata de Registros de Preços nº 07/SMPR/COGEL/2017 - AGRUPAMENTO VIII, objetivando os serviços de conservação e manutenção da malha viária"", ""qtdeAnexo"": 1, ""valorUnitarioAnexo"": 2345568.61}]",,,,,
01,PREFEITURA DO MUNICÍPIO DE SÃO PAULO,25900,35099,2021,4,28/04/2021 00:00:00,6012201900079455,62162847000120,JOFEGE PAVIMENTACAO E CONSTRUCAO LTDA,26800,2019,07,Fundo Municipal de Desenvolvimento Social,10,Fundo Municipal de Desenvolvimento Social,15,Urbanismo,452,Serviços Urbanos,3022,Requalificação e promoção da ocupação dos espaços públicos,1137,Pavimentação e Recapeamento de Vias,4,Despesas de Capital,4,Investimentos,90,Aplicações Diretas,39,Manutenção e Conservação de Bens Imóveis,08,Tesouro Municipal - Recursos Vinculados,1,Manutenção e Reformas de Bens Imóveis,1,Outros Serviços de Terceiros - Pessoa Jurídica,523145.48,523145.48,0.0,0.0,0.0,0.0,"[{""siglaUnidadeMedida"": ""UN"", ""descricaoAnexo"": ""Ata de Registros de Preços nº 16/SMPR/COGEL/2017 - AGRUPAMENTO VII, objetivando os serviços de conservação e manutenção da malha viária,"", ""qtdeAnexo"": 1, ""valorUnitarioAnexo"": 523145.48}]",,,,,
01,PREFEITURA DO MUNICÍPIO DE SÃO PAULO,25900,35123,2021,4,28/04/2021 00:00:00,6012201900079463,62162847000120,JOFEGE PAVIMENTACAO E CONSTRUCAO LTDA,26807,2019,07,Fundo Municipal de Desenvolvimento Social,10,Fundo Municipal de Desenvolvimento Social,15,Urbanismo,452,Serviços Urbanos,3022,Requalificação e promoção da ocupação dos espaços públicos,1137,Pavimentação e Recapeamento de Vias,4,Despesas de Capital,4,Investimentos,90,Aplicações Diretas,39,Manutenção e Conservação de Bens Imóveis,08,Tesouro Municipal - Recursos Vinculados,1,Manutenção e Reformas de Bens Imóveis,1,Outros Serviços de Terceiros - Pessoa Jurídica,2803960.6,0.0,2803960.6,2803960.6,2803960.6,0.0,"[{""siglaUnidadeMedida"": ""UN"", ""descricaoAnexo"": ""Ata de Registros de Preços nº 16/SMPR/COGEL/2017 - AGRUPAMENTO IV, objetivando os serviços de conservação e manutenção da malha viária"", ""qtdeAnexo"": 1, ""valorUnitarioAnexo"": 2803960.6}]",,,,,
01,PREFEITURA DO MUNICÍPIO DE SÃO PAULO,25900,35146,2021,4,28/04/2021 00:00:00,6012201900079579,62162847000120,JOFEGE PAVIMENTACAO E CONSTRUCAO LTDA,26814,2019,07,Fundo Municipal de Desenvolvimento Social,10,Fundo Municipal de Desenvolvimento Social,15,Urbanismo,452,Serviços Urbanos,3022,Requalificação e promoção da ocupação dos espaços públicos,1137,Pavimentação e Recapeamento de Vias,4,Despesas de Capital,4,Investimentos,90,Aplicações Diretas,39,Manutenção e Conservação de Bens Imóveis,08,Tesouro Municipal - Recursos Vinculados,1,Manutenção e Reformas de Bens Imóveis,1,Outros Serviços de Terceiros - Pessoa Jurídica,2388098.76,0.0,2388098.76,2388098.76,2388098.76,0.0,"[{""siglaUnidadeMedida"": ""UN"", ""descricaoAnexo"": ""Ata de RP 12/SMPR/COGEL/2017 - AGRUPAMENTO IX, objetivando os serviços de conservação e manutenção da malha viária."", ""qtdeAnexo"": 1, ""valorUnitarioAnexo"": 2388098.76}]",,,,,
01,PREFEITURA DO MUNICÍPIO DE SÃO PAULO,25900,35158,2021,4,28/04/2021 00:00:00,6012201900079730,66806555000133,FBS CONSTRUCAO CIVIL E PAVIMENTACAO S.A.,26744,2019,07,Fundo Municipal de Desenvolvimento Social,10,Fundo Municipal de Desenvolvimento Social,15,Urbanismo,452,Serviços Urbanos,3022,Requalificação e promoção da ocupação dos espaços públicos,1137,Pavimentação e Recapeamento de Vias,4,Despesas de Capital,4,Investimentos,90,Aplicações Diretas,39,Manutenção e Conservação de Bens Imóveis,08,Tesouro Municipal - Recursos Vinculados,1,Manutenção e Reformas de Bens Imóveis,1,Outros Serviços de Terceiros - Pessoa Jurídica,505109.27,0.0,505109.27,505109.27,505109.27,0.0,"[{""siglaUnidadeMedida"": ""UN"", ""descricaoAnexo"": ""Ata de Registros de Preços nº 09/SMPR/COGEL/2017 - AGRUPAMENTO IV, objetivando os serviços de conservação e manutenção da malha viária"", ""qtdeAnexo"": 1, ""valorUnitarioAnexo"": 505109.27}]",,,,,71/SMSUB/COGEL/2019
01,PREFEITURA DO MUNICÍPIO DE SÃO PAULO,25900,35192,2021,4,28/04/2021 00:00:00,6012201900079757,66806555000133,FBS CONSTRUCAO CIVIL E PAVIMENTACAO S.A.,26738,2019,07,Fundo Municipal de Desenvolvimento Social,10,Fundo Municipal de Desenvolvimento Social,15,Urbanismo,452,Serviços Urbanos,3022,Requalificação e promoção da ocupação dos espaços públicos,1137,Pavimentação e Recapeamento de Vias,4,Despesas de Capital,4,Investimentos,90,Aplicações Diretas,39,Manutenção e Conservação de Bens Imóveis,08,Tesouro Municipal - Recursos Vinculados,1,Manutenção e Reformas de Bens Imóveis,1,Outros Serviços de Terceiros - Pessoa Jurídica,368425.05,0.0,368425.05,368425.05,368425.05,0.0,"[{""siglaUnidadeMedida"": ""UN"", ""descricaoAnexo"": ""Ata de Registros de Preços nº 09/SMPR/COGEL/2017 - AGRUPAMENTO IV, objetivando os serviços de conservação e manutenção da malha viária"", ""qtdeAnexo"": 1, ""valorUnitarioAnexo"": 368425.05}]",,,,,72/SMSUB/COGEL/2019
01,PREFEITURA DO MUNICÍPIO DE SÃO PAULO,25900,35195,2021,4,28/04/2021 00:00:00,6012201900079455,62162847000120,JOFEGE PAVIMENTACAO E CONSTRUCAO LTDA,26800,2019,07,Fundo Municipal de Desenvolvimento Social,10,Fundo Municipal de Desenvolvimento Social,15,Urbanismo,452,Serviços Urbanos,3022,Requalificação e promoção da ocupação dos espaços públicos,1137,Pavimentação e Recapeamento de Vias,4,Despesas de Capital,4,Investimentos,90,Aplicações Diretas,39,Manutenção e Conservação de Bens Imóveis,08,Tesouro Municipal - Recursos Vinculados,1,Manutenção e Reformas de Bens Imóveis,1,Outros Serviços de Terceiros - Pessoa Jurídica,2063026.6,0.0,1966246.44,1966246.44,1966246.44,0.0,"[{""siglaUnidadeMedida"": ""UN"", ""descricaoAnexo"": ""Ata de Registros de Preços nº 16/SMPR/COGEL/2017 - AGRUPAMENTO VII, objetivando os serviços de conservação e manutenção da malha viária."", ""qtdeAnexo"": 1, ""valorUnitarioAnexo"": 2063026.6}]",,,,,
01,PREFEITURA DO MUNICÍPIO DE SÃO PAULO,25900,35231,2021,4,28/04/2021 00:00:00,6012201900079870,01065014000156,FREMIX PAVIMENTACAO E CONSTRUCOES LTDA ,26927,2019,07,Fundo Municipal de Desenvolvimento Social,10,Fundo Municipal de Desenvolvimento Social,15,Urbanismo,452,Serviços Urbanos,3022,Requalificação e promoção da ocupação dos espaços públicos,1137,Pavimentação e Recapeamento de Vias,4,Despesas de Capital,4,Investimentos,90,Aplicações Diretas,39,Manutenção e Conservação de Bens Imóveis,08,Tesouro Municipal - Recursos Vinculados,1,Manutenção e Reformas de Bens Imóveis,1,Outros Serviços de Terceiros - Pessoa Jurídica,2600195.29,0.0,2600195.29,2600195.29,2600195.29,0.0,"[{""siglaUnidadeMedida"": ""UN"", ""descricaoAnexo"": ""Ata de Registros de Preços nº 14/SMPR/COGEL/2017 - AGRUPAMENTO II, objetivando os serviços de conservação e manutenção da malha viária"", ""qtdeAnexo"": 1, ""valorUnitarioAnexo"": 2600195.29}]",,,,,
01,PREFEITURA DO MUNICÍPIO DE SÃO PAULO,25900,35248,2021,4,28/04/2021 00:00:00,6012201900079889,01065014000156,FREMIX PAVIMENTACAO E CONSTRUCOES LTDA ,26925,2019,07,Fundo Municipal de Desenvolvimento Social,10,Fundo Municipal de Desenvolvimento Social,15,Urbanismo,452,Serviços Urbanos,3022,Requalificação e promoção da ocupação dos espaços públicos,1137,Pavimentação e Recapeamento de Vias,4,Despesas de Capital,4,Investimentos,90,Aplicações Diretas,39,Manutenção e Conservação de Bens Imóveis,08,Tesouro Municipal - Recursos Vinculados,1,Manutenção e Reformas de Bens Imóveis,1,Outros Serviços de Terceiros - Pessoa Jurídica,2227444.26,0.0,2227444.26,2227444.26,2227444.26,0.0,"[{""siglaUnidadeMedida"": ""UN"", ""descricaoAnexo"": ""Ata de Registros de Preços nº 14/SMPR/COGEL/2017 - AGRUPAMENTO II, objetivando os serviços de conservação e manutenção da malha viária."", ""qtdeAnexo"": 1, ""valorUnitarioAnexo"": 2227444.26}]",,,,,
01,PREFEITURA DO MUNICÍPIO DE SÃO PAULO,25900,35279,2021,4,28/04/2021 00:00:00,6012201900079897,43677822000114,SOEBE CONSTRUÇÃO E PAVIMENTAÇÃO SA,26780,2019,07,Fundo Municipal de Desenvolvimento Social,10,Fundo Municipal de Desenvolvimento Social,15,Urbanismo,452,Serviços Urbanos,3022,Requalificação e promoção da ocupação dos espaços públicos,1137,Pavimentação e Recapeamento de Vias,4,Despesas de Capital,4,Investimentos,90,Aplicações Diretas,39,Manutenção e Conservação de Bens Imóveis,08,Tesouro Municipal - Recursos Vinculados,1,Manutenção e Reformas de Bens Imóveis,1,Outros Serviços de Terceiros - Pessoa Jurídica,4805594.85,0.0,4805594.85,4805594.85,4805594.85,0.0,"[{""siglaUnidadeMedida"": ""UN"", ""descricaoAnexo"": ""Ata de Registros de Preços nº 15/SMPR/COGEL/2017 - AGRUPAMENTO III, objetivando os serviços de conservação e manutenção da malha viária"", ""qtdeAnexo"": 1, ""valorUnitarioAnexo"": 4805594.85}]",,,,,73/SMSUB/COGEL/2019
01,PREFEITURA DO MUNICÍPIO DE SÃO PAULO,25900,35284,2021,4,28/04/2021 00:00:00,6012201900079897,43677822000114,SOEBE CONSTRUÇÃO E PAVIMENTAÇÃO SA,26780,2019,07,Fundo Municipal de Desenvolvimento Social,10,Fundo Municipal de Desenvolvimento Social,15,Urbanismo,452,Serviços Urbanos,3022,Requalificação e promoção da ocupação dos espaços públicos,1137,Pavimentação e Recapeamento de Vias,4,Despesas de Capital,4,Investimentos,90,Aplicações Diretas,39,Manutenção e Conservação de Bens Imóveis,08,Tesouro Municipal - Recursos Vinculados,1,Manutenção e Reformas de Bens Imóveis,1,Outros Serviços de Terceiros - Pessoa Jurídica,434803.44,0.0,434803.44,434803.44,434803.44,0.0,"[{""siglaUnidadeMedida"": ""UN"", ""descricaoAnexo"": ""Ata de Registros de Preços nº 15/SMPR/COGEL/2017 - AGRUPAMENTO III, objetivando os serviços de conservação e manutenção da malha viária"", ""qtdeAnexo"": 1, ""valorUnitarioAnexo"": 434803.44}]",,,,,73/SMSUB/COGEL/2019
01,PREFEITURA DO MUNICÍPIO DE SÃO PAULO,25900,35290,2021,4,28/04/2021 00:00:00,6012201900079900,43677822000114,SOEBE CONSTRUÇÃO E PAVIMENTAÇÃO SA,27189,2019,07,Fundo Municipal de Desenvolvimento Social,10,Fundo Municipal de Desenvolvimento Social,15,Urbanismo,452,Serviços Urbanos,3022,Requalificação e promoção da ocupação dos espaços públicos,1137,Pavimentação e Recapeamento de Vias,4,Despesas de Capital,4,Investimentos,90,Aplicações Diretas,39,Manutenção e Conservação de Bens Imóveis,08,Tesouro Municipal - Recursos Vinculados,1,Manutenção e Reformas de Bens Imóveis,1,Outros Serviços de Terceiros - Pessoa Jurídica,217612.69,0.0,217546.84,217546.84,217546.84,0.0,"[{""siglaUnidadeMedida"": ""UN"", ""descricaoAnexo"": ""Ata de Registros de Preços nº 15/SMPR/COGEL/2017 - AGRUPAMENTO III, objetivando os serviços de conservação e manutenção da malha viária"", ""qtdeAnexo"": 1, ""valorUnitarioAnexo"": 217612.69}]",,,,,74/SMSUB/COGEL/2019
01,PREFEITURA DO MUNICÍPIO DE SÃO PAULO,25900,36210,2021,4,30/04/2021 00:00:00,6012201900078840,01065014000156,FREMIX PAVIMENTACAO E CONSTRUCOES LTDA ,26934,2019,07,Fundo Municipal de Desenvolvimento Social,10,Fundo Municipal de Desenvolvimento Social,15,Urbanismo,452,Serviços Urbanos,3022,Requalificação e promoção da ocupação dos espaços públicos,1137,Pavimentação e Recapeamento de Vias,4,Despesas de Capital,4,Investimentos,90,Aplicações Diretas,39,Manutenção e Conservação de Bens Imóveis,08,Tesouro Municipal - Recursos Vinculados,1,Manutenção e Reformas de Bens Imóveis,1,Outros Serviços de Terceiros - Pessoa Jurídica,188213.11,188213.11,0.0,0.0,0.0,0.0,"[{""siglaUnidadeMedida"": ""UN"", ""descricaoAnexo"": ""Ata de Registros de Preços nº 07/SMPR/COGEL/2017 - AGRUPAMENTO VIII, Reajuste - objetivando os serviços de conservação e manutenção da malha viária"", ""qtdeAnexo"": 1, ""valorUnitarioAnexo"": 188213.11}]",,,,,
01,PREFEITURA DO MUNICÍPIO DE SÃO PAULO,25900,36232,2021,4,30/04/2021 00:00:00,6012201900079455,62162847000120,JOFEGE PAVIMENTACAO E CONSTRUCAO LTDA,26800,2019,07,Fundo Municipal de Desenvolvimento Social,10,Fundo Municipal de Desenvolvimento Social,15,Urbanismo,452,Serviços Urbanos,3022,Requalificação e promoção da ocupação dos espaços públicos,1137,Pavimentação e Recapeamento de Vias,4,Despesas de Capital,4,Investimentos,90,Aplicações Diretas,39,Manutenção e Conservação de Bens Imóveis,08,Tesouro Municipal - Recursos Vinculados,1,Manutenção e Reformas de Bens Imóveis,1,Outros Serviços de Terceiros - Pessoa Jurídica,391018.2,391018.2,0.0,0.0,0.0,0.0,"[{""siglaUnidadeMedida"": ""UN"", ""descricaoAnexo"": ""Ata de Registros de Preços nº 16/SMPR/COGEL/2017 - AGRUPAMENTO VII, REAJUSTE - objetivando os serviços de conservação e manutenção da malha viária"", ""qtdeAnexo"": 1, ""valorUnitarioAnexo"": 391018.2}]",,,,,
01,PREFEITURA DO MUNICÍPIO DE SÃO PAULO,25900,36257,2021,4,30/04/2021 00:00:00,6012201900079463,62162847000120,JOFEGE PAVIMENTACAO E CONSTRUCAO LTDA,26807,2019,07,Fundo Municipal de Desenvolvimento Social,10,Fundo Municipal de Desenvolvimento Social,15,Urbanismo,452,Serviços Urbanos,3022,Requalificação e promoção da ocupação dos espaços públicos,1137,Pavimentação e Recapeamento de Vias,4,Despesas de Capital,4,Investimentos,90,Aplicações Diretas,39,Manutenção e Conservação de Bens Imóveis,08,Tesouro Municipal - Recursos Vinculados,1,Manutenção e Reformas de Bens Imóveis,1,Outros Serviços de Terceiros - Pessoa Jurídica,734052.74,734052.74,0.0,0.0,0.0,0.0,"[{""siglaUnidadeMedida"": ""UN"", ""descricaoAnexo"": ""Ata de Registros de Preços nº 16/SMPR/COGEL/2017 - AGRUPAMENTO IV, Reajuste - objetivando os serviços de conservação e manutenção da malha viária"", ""qtdeAnexo"": 1, ""valorUnitarioAnexo"": 734052.74}]",,,,,
01,PREFEITURA DO MUNICÍPIO DE SÃO PAULO,25900,37771,2021,5,06/05/2021 00:00:00,6012201900079730,66806555000133,FBS CONSTRUCAO CIVIL E PAVIMENTACAO S.A.,26738,2019,07,Fundo Municipal de Desenvolvimento Social,10,Fundo Municipal de Desenvolvimento Social,15,Urbanismo,452,Serviços Urbanos,3022,Requalificação e promoção da ocupação dos espaços públicos,1137,Pavimentação e Recapeamento de Vias,4,Despesas de Capital,4,Investimentos,90,Aplicações Diretas,39,Manutenção e Conservação de Bens Imóveis,08,Tesouro Municipal - Recursos Vinculados,1,Manutenção e Reformas de Bens Imóveis,1,Outros Serviços de Terceiros - Pessoa Jurídica,5577280.06,0.0,5577280.06,5577280.06,5577280.06,0.0,"[{""siglaUnidadeMedida"": ""UN"", ""descricaoAnexo"": ""Ata de Registros de Preços nº 09/SMPR/COGEL/2017 - AGRUPAMENTO IV, objetivando os serviços de conservação e manutenção da malha viária"", ""qtdeAnexo"": 1, ""valorUnitarioAnexo"": 5577280.06}]",,,,,72/SMSUB/COGEL/2019
01,PREFEITURA DO MUNICÍPIO DE SÃO PAULO,26915,37773,2021,5,06/05/2021 00:00:00,6012201900079455,62162847000120,JOFEGE PAVIMENTACAO E CONSTRUCAO LTDA,26800,2019,07,Fundo Municipal de Desenvolvimento Social,10,Fundo Municipal de Desenvolvimento Social,15,Urbanismo,452,Serviços Urbanos,3022,Requalificação e promoção da ocupação dos espaços públicos,1137,Pavimentação e Recapeamento de Vias,4,Despesas de Capital,4,Investimentos,90,Aplicações Diretas,39,Manutenção e Conservação de Bens Imóveis,10,Alienação de Bens/Ativos,1,Manutenção e Reformas de Bens Imóveis,1,Outros Serviços de Terceiros - Pessoa Jurídica,2554257.37,0.0,2554257.37,2554257.37,2554257.37,0.0,"[{""siglaUnidadeMedida"": ""UN"", ""descricaoAnexo"": ""Ata de Registros de Preços nº 16/SMPR/COGEL/2017 - AGRUPAMENTO VII, objetivando os serviços de conservação e manutenção da malha viária"", ""qtdeAnexo"": 1, ""valorUnitarioAnexo"": 2554257.37}]",,,,,
01,PREFEITURA DO MUNICÍPIO DE SÃO PAULO,26915,37774,2021,5,06/05/2021 00:00:00,6012201900079900,43677822000114,SOEBE CONSTRUÇÃO E PAVIMENTAÇÃO SA,27189,2019,07,Fundo Municipal de Desenvolvimento Social,10,Fundo Municipal de Desenvolvimento Social,15,Urbanismo,452,Serviços Urbanos,3022,Requalificação e promoção da ocupação dos espaços públicos,1137,Pavimentação e Recapeamento de Vias,4,Despesas de Capital,4,Investimentos,90,Aplicações Diretas,39,Manutenção e Conservação de Bens Imóveis,10,Alienação de Bens/Ativos,1,Manutenção e Reformas de Bens Imóveis,1,Outros Serviços de Terceiros - Pessoa Jurídica,3683049.72,0.0,3683049.72,3683049.72,3683049.72,0.0,"[{""siglaUnidadeMedida"": ""UN"", ""descricaoAnexo"": ""Prestação de serviços de conservação malha viária - Aditamento CT 74 /SMSUB/COGEL/2019"", ""qtdeAnexo"": 1, ""valorUnitarioAnexo"": 3683049.72}]",,,,,74/SMSUB/COGEL/2019
01,PREFEITURA DO MUNICÍPIO DE SÃO PAULO,26915,37775,2021,5,06/05/2021 00:00:00,6012201900079900,43677822000114,SOEBE CONSTRUÇÃO E PAVIMENTAÇÃO SA,27189,2019,07,Fundo Municipal de Desenvolvimento Social,10,Fundo Municipal de Desenvolvimento Social,15,Urbanismo,452,Serviços Urbanos,3022,Requalificação e promoção da ocupação dos espaços públicos,1137,Pavimentação e Recapeamento de Vias,4,Despesas de Capital,4,Investimentos,90,Aplicações Diretas,39,Manutenção e Conservação de Bens Imóveis,10,Alienação de Bens/Ativos,1,Manutenção e Reformas de Bens Imóveis,1,Outros Serviços de Terceiros - Pessoa Jurídica,4096984.45,0.0,4096984.45,4096984.45,4096984.45,0.0,"[{""siglaUnidadeMedida"": ""UN"", ""descricaoAnexo"": ""Prestação de serviços de conservação malha viária - Aditamento CT 74 /SMSUB/COGEL/2019"", ""qtdeAnexo"": 1, ""valorUnitarioAnexo"": 4096984.45}]",,,,,74/SMSUB/COGEL/2019
01,PREFEITURA DO MUNICÍPIO DE SÃO PAULO,25900,40390,2021,5,20/05/2021 00:00:00,6012201900079730,66806555000133,FBS CONSTRUCAO CIVIL E PAVIMENTACAO S.A.,26744,2019,07,Fundo Municipal de Desenvolvimento Social,10,Fundo Municipal de Desenvolvimento Social,15,Urbanismo,452,Serviços Urbanos,3022,Requalificação e promoção da ocupação dos espaços públicos,1137,Pavimentação e Recapeamento de Vias,4,Despesas de Capital,4,Investimentos,90,Aplicações Diretas,39,Manutenção e Conservação de Bens Imóveis,08,Tesouro Municipal - Recursos Vinculados,1,Manutenção e Reformas de Bens Imóveis,1,Outros Serviços de Terceiros - Pessoa Jurídica,161164.3,0.0,161164.3,161164.3,161164.3,0.0,"[{""siglaUnidadeMedida"": ""UN"", ""descricaoAnexo"": ""Ata de Registro de Preços nº 09/SMPR/COGEL/2017 - AGRUPAMENTO IV, objetivando os serviços de conservação e manutenção de malha viária. "", ""qtdeAnexo"": 1, ""valorUnitarioAnexo"": 161164.3}]",,,,,71/SMSUB/COGEL/2019
01,PREFEITURA DO MUNICÍPIO DE SÃO PAULO,25900,41657,2021,5,25/05/2021 00:00:00,6012201900079463,62162847000120,JOFEGE PAVIMENTACAO E CONSTRUCAO LTDA,26807,2019,07,Fundo Municipal de Desenvolvimento Social,10,Fundo Municipal de Desenvolvimento Social,15,Urbanismo,452,Serviços Urbanos,3022,Requalificação e promoção da ocupação dos espaços públicos,1137,Pavimentação e Recapeamento de Vias,4,Despesas de Capital,4,Investimentos,90,Aplicações Diretas,39,Manutenção e Conservação de Bens Imóveis,08,Tesouro Municipal - Recursos Vinculados,1,Manutenção e Reformas de Bens Imóveis,1,Outros Serviços de Terceiros - Pessoa Jurídica,10607.04,0.0,10607.04,10607.04,10607.04,0.0,"[{""siglaUnidadeMedida"": ""UN"", ""descricaoAnexo"": ""Ata de RP 016/SMPR/COGEL/2017 - Agrupamento IV, objetivando os serviços de conservação e manutenção da malha viária. "", ""qtdeAnexo"": 1, ""valorUnitarioAnexo"": 10607.04}]",,,,,
01,PREFEITURA DO MUNICÍPIO DE SÃO PAULO,26915,66477,2021,8,19/08/2021 00:00:00,6012202100077600,07879965000145,CONSTRUTORA LETTIERI CORDARO LTDA,15673,2021,07,Fundo Municipal de Desenvolvimento Social,10,Fundo Municipal de Desenvolvimento Social,15,Urbanismo,452,Serviços Urbanos,3022,Requalificação e promoção da ocupação dos espaços públicos,1137,Pavimentação e Recapeamento de Vias,4,Despesas de Capital,4,Investimentos,90,Aplicações Diretas,39,Manutenção e Conservação de Bens Imóveis,10,Alienação de Bens/Ativos,1,Manutenção e Reformas de Bens Imóveis,1,Outros Serviços de Terceiros - Pessoa Jurídica,781595.46,0.0,400394.77,159193.96,159193.96,241200.81,"[{""siglaUnidadeMedida"": ""UN"", ""descricaoAnexo"": ""Contratação de empresa para execução dos serviços de manutenção da malha viária existente em pavimento rígido e pavimento em paralelepípedo, à Prefeitura do Município de São Paulo – PMSP. - Túnel Jânio Quadros (Av. Lineu de Paula Machado até Av. Presidente Juscelino Kubitschek); Túnel Max Feffer (Av. Cidade Jardim até Av. Nove de Julho); Túnel Daher Elias Cutait (Av. Nove de Julho até Av. Cidade Jardim);"", ""qtdeAnexo"": 1, ""valorUnitarioAnexo"": 781595.46}]",,,,,
01,PREFEITURA DO MUNICÍPIO DE SÃO PAULO,25900,85816,2021,10,27/10/2021 00:00:00,6012202100092382,07879965000145,CONSTRUTORA LETTIERI CORDARO LTDA,20699,2021,07,Fundo Municipal de Desenvolvimento Social,10,Fundo Municipal de Desenvolvimento Social,15,Urbanismo,452,Serviços Urbanos,3022,Requalificação e promoção da ocupação dos espaços públicos,1137,Pavimentação e Recapeamento de Vias,4,Despesas de Capital,4,Investimentos,90,Aplicações Diretas,39,Manutenção e Conservação de Bens Imóveis,08,Tesouro Municipal - Recursos Vinculados,1,Manutenção e Reformas de Bens Imóveis,1,Outros Serviços de Terceiros - Pessoa Jurídica,128864.09,0.0,0.0,0.0,0.0,0.0,"[{""siglaUnidadeMedida"": ""UN"", ""descricaoAnexo"": ""Execução dos serviços de manutenção de malha viária existente em pavimento rígido e pavimento em paralelepípedo. "", ""qtdeAnexo"": 1, ""valorUnitarioAnexo"": 128864.09}]",,,,,67/SMSUB/COGEL/2021
01,PREFEITURA DO MUNICÍPIO DE SÃO PAULO,25900,86073,2021,10,28/10/2021 00:00:00,6012202100025324,66748955000130,ALMEIDA SAPATA ENGENHARIA E CONSTRUCOES LTDA,20890,2021,07,Fundo Municipal de Desenvolvimento Social,10,Fundo Municipal de Desenvolvimento Social,15,Urbanismo,452,Serviços Urbanos,3022,Requalificação e promoção da ocupação dos espaços públicos,1137,Pavimentação e Recapeamento de Vias,4,Despesas de Capital,4,Investimentos,90,Aplicações Diretas,39,Manutenção e Conservação de Bens Imóveis,08,Tesouro Municipal - Recursos Vinculados,1,Manutenção e Reformas de Bens Imóveis,1,Outros Serviços de Terceiros - Pessoa Jurídica,66339.4,0.0,0.0,0.0,0.0,0.0,"[{""siglaUnidadeMedida"": ""UN"", ""descricaoAnexo"": ""Execução dos serviços de manutenção da malha viária existente em pavimento rígido e pavimento em paralelepípedo"", ""qtdeAnexo"": 1, ""valorUnitarioAnexo"": 66339.4}]",,,,,70/SMSUB/COGEL/2021
01,PREFEITURA DO MUNICÍPIO DE SÃO PAULO,14302,102050,2021,12,16/12/2021 00:00:00,7610202000017757,33113646000134,HABITA LOTE 12 SA,16633,2020,07,Fundo Municipal de Desenvolvimento Social,10,Fundo Municipal de Desenvolvimento Social,26,Transporte,785,Transportes Especiais,3009,Melhoria da mobilidade urbana universal,1097,"Construção de Ciclovias, Ciclofaixas e Ciclorrotas",4,Despesas de Capital,4,Investimentos,90,Aplicações Diretas,51,Obras em Andamento - Uso Comum do Povo,08,Tesouro Municipal - Recursos Vinculados,1,Pavimentação de Ruas e Avenidas ,8,Obras e Instalações,1449268.63,0.0,1449268.63,1449268.63,1449268.63,0.0,"[{""siglaUnidadeMedida"": ""UN."", ""descricaoAnexo"": ""Execução das obras e serviços contratados no âmbito do Lote 12 - CTR PPP 06/19 conforme Termo de Cooperação COHAB-SP 06.01/20 e aditamento 06.02/20."", ""qtdeAnexo"": 1, ""valorUnitarioAnexo"": 1449268.63}]",,,,,06.01/20
01,PREFEITURA DO MUNICÍPIO DE SÃO PAULO,71492,102059,2021,12,16/12/2021 00:00:00,7610202000017757,33113646000134,HABITA LOTE 12 SA,16633,2020,07,Fundo Municipal de Desenvolvimento Social,10,Fundo Municipal de Desenvolvimento Social,26,Transporte,785,Transportes Especiais,3009,Melhoria da mobilidade urbana universal,1097,"Construção de Ciclovias, Ciclofaixas e Ciclorrotas",4,Despesas de Capital,4,Investimentos,90,Aplicações Diretas,51,Obras em Andamento - Uso Comum do Povo,08,Tesouro Municipal - Recursos Vinculados,1,Pavimentação de Ruas e Avenidas ,8,Obras e Instalações,664948.89,0.0,566506.25,566506.25,566506.25,0.0,"[{""siglaUnidadeMedida"": ""UN."", ""descricaoAnexo"": ""Execução das obras e serviços contratados no âmbito do Lote 12 - CTR PPP 06/19 conforme Termo de Cooperação COHAB-SP 06.01/20 e aditamento 06.02/20."", ""qtdeAnexo"": 1, ""valorUnitarioAnexo"": 664948.89}]",,,,,06.01/20
