ano,numCpfCnpj,txtRazaoSocial,qtd_empenhos,valTotalEmpenhado,valEmpenhadoLiquido,valLiquidado,valPagoExercicio
2019,43677822000114,SOEBE CONSTRUÇÃO E PAVIMENTAÇÃO SA,3,19798720.42,17382545.36,16619258.13,14935364.04
2019,66806555000133,FBS CONSTRUCAO CIVIL E PAVIMENTACAO S.A.,2,15765432.47,13338321.21,11289353.77,5395040.21
2019,62162847000120,JOFEGE PAVIMENTACAO E CONSTRUCAO LTDA,2,8367861.89,6473540.78,4356915.96,4356915.96
2019,47218979000132,ARVEK TECNICA E CONSTRUCOES LTDA,1,8481619.91,4624394.24,3171305.12,1025973.87
2019,09052229000144,SOUZA COMPEC ENGENHARIA E CONSTRUÇÕES LTDA,1,7751056.02,3262059.17,1732474.77,230987.29
2019,60862331000162,CONSTRUÇÕES ENGENHARIA E PAVIMENTAÇÃO ENPAVI LTDA,3,13555844.27,1205902.84,0.0,0.0
2019,01065014000156,FREMIX PAVIMENTACAO E CONSTRUCOES LTDA ,2,8936813.04,497372.04,384341.59,384341.59
2020,60498417000158,SAO PAULO TRANSPORTE SA,3,35385181.0,25650736.88,14322495.75,14322495.75
2020,66806555000133,FBS CONSTRUCAO CIVIL E PAVIMENTACAO S.A.,9,32298544.65,24912591.42,23159584.87,23157248.86
2020,47902648000117,COMPANHIA DE ENGENHARIA DE TRAFEGO - CET,3,71508585.53,19172425.59,19172425.59,14368396.59
2020,62162847000120,JOFEGE PAVIMENTACAO E CONSTRUCAO LTDA,9,28428275.32,18718337.13,14091795.85,14091795.85
2020,43677822000114,SOEBE CONSTRUÇÃO E PAVIMENTAÇÃO SA,12,27232252.49,13168536.44,10399831.02,10399831.02
2020,01065014000156,FREMIX PAVIMENTACAO E CONSTRUCOES LTDA ,9,17527225.16,11330278.35,3097880.61,3092883.66
2020,09052229000144,SOUZA COMPEC ENGENHARIA E CONSTRUÇÕES LTDA,3,10303859.2,9750606.52,9739384.55,9739384.55
2020,03101876000112,DB CONSTRUCOES LTDA,5,16405447.23,6335047.77,5631647.86,5631647.86
2020,07667763000130,BELLACON CONSTRUTORA E INCORPORADORA LTDA,2,4929711.86,4928162.06,0.0,0.0
2020,33113646000134,HABITA LOTE 12 SA,2,13283582.16,4788546.03,0.0,0.0
2020,47218979000132,ARVEK TECNICA E CONSTRUCOES LTDA,3,5381163.95,3407422.02,2632637.59,2632637.59
2020,01454603000126,JRA  EMPREENDIMENTOS E ENGENHARIA LTDA,1,4797604.37,2921114.96,2835001.33,2835001.33
2020,02120261000170,SHOP SIGNS OBRAS E SERVICOS LTDA,2,7647491.79,2611067.53,0.0,0.0
2020,57085201000156,J L ENGENHARIA E CONSTRUCAO LTDA,1,4338411.88,2389361.48,2367901.65,2367901.65
2020,07879965000145,CONSTRUTORA LETTIERI CORDARO LTDA,2,6007628.01,2095945.89,1939491.82,1939491.82
2020,56838949000110,CONSTRUTORA PROGREDIOR LTDA,1,1499666.63,1282477.72,1282477.72,1282477.72
2020,03643992000163,BB ENGENHARIA E CONSTRUCOES S A,4,6379590.75,1169280.49,295509.12,295509.12
2020,11958828000173,SAO PAULO OBRAS  SP OBRAS,2,2888873.17,765894.31,0.0,0.0
2020,53640280000169,ENGENHARIA E COMERCIO RIGEL LTDA,1,2522717.85,759927.79,0.0,0.0
2020,42161372000140,ECR ENGENHARIA LTDA,1,593075.82,488329.4,0.0,0.0
2020,60862331000162,CONSTRUÇÕES ENGENHARIA E PAVIMENTAÇÃO ENPAVI LTDA,3,569930.8,276179.63,276179.63,276179.63
2020,44239135000503,EGIS  ENGENHARIA E CONSULTORIA LTDA,1,316694.17,153522.47,0.0,0.0
2020,09008769000120,ENGETI  CONSULTORIA E ENGENHARIA SS LTDA,1,234078.3,113473.11,0.0,0.0
2020,55194369000174,ALPHAGEOS TECNOLOGIA APLICADA SA,1,137693.12,66749.04,0.0,0.0
2020,33177148000155,BUREAU VERITAS DO BRASIL SOCIEDADE CLASSIFICADORA E CERTIFICADORA LTDA,2,1010163.86,0.0,0.0,0.0
2020,00376282000126,EGT ENGENHARIA LTDA,1,252540.96,0.0,0.0,0.0
2021,47902648000117,COMPANHIA DE ENGENHARIA DE TRAFEGO - CET,1,21564145.43,21564145.43,21564145.43,21564145.43
2021,43677822000114,SOEBE CONSTRUÇÃO E PAVIMENTAÇÃO SA,5,13238045.15,13237979.3,13237979.3,13237979.3
2021,62162847000120,JOFEGE PAVIMENTACAO E CONSTRUCAO LTDA,8,11468166.79,9723170.21,9723170.21,9723170.21
2021,60498417000158,SAO PAULO TRANSPORTE SA,1,9734444.12,9295509.8,9295509.8,9295509.8
2021,33113646000134,HABITA LOTE 12 SA,4,8495009.05,8395362.41,8395362.41,8395362.41
2021,01065014000156,FREMIX PAVIMENTACAO E CONSTRUCOES LTDA ,4,7361421.27,7173208.16,7173208.16,7173208.16
2021,66806555000133,FBS CONSTRUCAO CIVIL E PAVIMENTACAO S.A.,4,6611978.68,6611978.68,6611978.68,6611978.68
2021,53591103000130,FLORESTANA CONSTRUCOES E SERVICOS LTDA,2,5297933.43,4949675.44,4949675.44,4949675.44
2021,02120261000170,SHOP SIGNS OBRAS E SERVICOS LTDA,2,5578923.82,4365935.22,4365935.22,4365935.22
2021,03643992000163,BB ENGENHARIA E CONSTRUCOES S A,1,1667244.1,1665562.25,1665562.25,1665562.25
2021,07879965000145,CONSTRUTORA LETTIERI CORDARO LTDA,2,910459.55,400394.77,159193.96,159193.96
2021,66748955000130,ALMEIDA SAPATA ENGENHARIA E CONSTRUCOES LTDA,1,66339.4,0.0,0.0,0.0
2022,02542939000103,FBF CONSTRUCOES E SERVICOS LTDA,4,14855943.02,7580034.82,1479498.13,0.0
2022,33113646000134,HABITA LOTE 12 SA,6,19976227.96,7431360.38,5819932.49,5819932.49
2022,57646374000104,MACOR ENGENHARIA CONSTRUCOES E COMERCIO SA,5,6507566.96,5893014.27,2924908.46,2924908.46
2022,68976224000177,SANED ENGENHARIA  E EMPREENDIMENTOS S.A,4,8759256.11,5610847.44,4224890.0,4224890.0
2022,71654446000188,MC ENGENHARIA  E CONSTRUCOES SA,2,5577686.22,5577231.12,0.0,0.0
2022,66748955000130,ALMEIDA SAPATA ENGENHARIA E CONSTRUCOES LTDA,4,4864374.74,4770428.95,4770428.95,4770428.95
2022,47627898000196,EPURA ENGENHARIA E CONSTRUCOES LTDA,1,2178999.55,2047341.36,1855678.56,1855678.56
2022,54883194000140,TRANSVIAS CONSTRUCOES E TERRAPLENAGEM LTDA,1,4946819.54,1754550.34,1751576.74,1749441.76
2022,62533278000181,H E ENGENHARIA COMERCIO E REPRESENTACOES LTDA,2,1561094.08,1138581.32,1138581.32,1138581.32
2022,07879965000145,CONSTRUTORA LETTIERI CORDARO LTDA,3,1048675.9,1048675.9,1048675.9,1048675.9
2022,02243019000194,CONSITEC  ENGENHARIA E TECNOLOGIA LTDA,1,1005677.11,940015.08,0.0,0.0
2022,33298127000198,UNO HABITACAO SA,2,9305681.67,829508.91,587971.2,587971.2
2022,06273115000136,WEBER CONSULTORIA E ENGENHARIA AMBIENTAL LIMITADA,3,761520.3,702112.92,583464.5,583464.5
2022,18613165000102,FOSSATTI ENGENHARIA EIRELI,4,914556.51,666805.96,228138.98,228138.98
2022,55460554000163,CONSTRUTORA ITAJAI LTDA,1,480183.25,480183.25,480183.25,480183.25
2022,03069088000196,MUDE CONSTRUTORA E INCORPORADORA LTDA,3,615299.68,473599.32,238764.55,0.0
2022,02811333000126,EEC ENGENHARIA E CONSTRUCOES LTDA,2,355634.76,355634.76,355634.76,355634.76
2022,32994332000125,SP9 INCORPORACAO E CONSTRUCAO  SPE SA,2,9279671.85,126246.71,31472.44,31472.44
2022,08183516000120,CASAMAX  COMERCIAL LTDA ,2,2870556.0,65163.3,0.0,0.0
2022,38894804000154,NUCLEO ENGENHARIA CONSULTIVA SA,1,30128.0,30128.0,30128.0,30128.0
2022,55069736000108,GEOMETRICA ENGENHARIA DE PROJETOS LTDA,1,24028.4,24028.4,24028.4,24028.4
2022,67192609000180,M A S CONSTRUCOES E EMPREENDIMENTOS LIMITADA,1,2667043.44,0.0,0.0,0.0
2022,03101876000112,DB CONSTRUCOES LTDA,1,2763554.09,0.0,0.0,0.0
2022,04002395000112,LEMAM CONSTRUCOES E COMERCIO SA,1,987267.58,0.0,0.0,0.0
2022,07534937000196,TETRABASE  ENGENHARIA E CONSTRUCOES LTDA,1,294751.96,0.0,0.0,0.0
2022,56838949000110,CONSTRUTORA PROGREDIOR LTDA,1,4079562.18,0.0,0.0,0.0
2022,40280308000152,UNO PPP HABITACAO SA,2,9073036.97,0.0,0.0,0.0
2022,45404270000104,CONSORCIO ROY  LETTIERI,1,3998890.9,0.0,0.0,0.0
2022,03302648000100,MATHESIS ENGENHARIA  CONSTRUCAO LIMITADA,3,871654.59,0.0,0.0,0.0
2022,03643992000163,BB ENGENHARIA E CONSTRUCOES S A,3,947781.06,0.0,0.0,0.0
2022,45854245000114,CONSORCIO MACOR  DB,1,2763544.09,0.0,0.0,0.0
2023,62162847000120,JOFEGE PAVIMENTACAO E CONSTRUCAO LTDA,60,295713583.03,187996064.05,184651215.65,182608770.66
2023,66806555000133,FBS CONSTRUCAO CIVIL E PAVIMENTACAO S.A.,54,213792406.79,141084852.55,111045971.51,110864059.41
2023,00352839000000,PROGRAMA PODE ENTRAR - AQUISIÇÕES,1,100000000.0,100000000.0,100000000.0,100000000.0
2023,43677822000114,SOEBE CONSTRUÇÃO E PAVIMENTAÇÃO SA,30,156961974.12,56816210.25,49832848.43,41833262.57
2023,66748955000130,ALMEIDA SAPATA ENGENHARIA E CONSTRUCOES LTDA,18,43222047.3,27716098.37,11418778.71,11418778.71
2023,01065014000156,FREMIX PAVIMENTACAO E CONSTRUCOES LTDA ,13,62506811.63,25167682.66,25114119.88,24612229.73
2023,50203083000194,CONSORCIO CORREGO HOSPITAL JE,1,24920031.25,22602918.15,22532490.51,22532490.51
2023,15108349000119,RODOSERV ENGENHARIA LTDA,5,17661849.5,17661249.71,13174783.78,13174783.78
2023,37802710000145,TRIADE PAVIMENTACAO E CONSTRUCOES SA,9,37660137.08,16232430.74,14700748.1,14700748.1
2023,54883194000140,TRANSVIAS CONSTRUCOES E TERRAPLENAGEM LTDA,5,17442573.47,16199104.01,12177089.99,12177089.99
2023,47218979000132,ARVEK TECNICA E CONSTRUCOES LTDA,9,28962031.76,15157631.81,12667165.57,12667165.57
2023,50203149000146,CONSORCIO CORREGO AGUA PODRE JE,1,22699349.34,12037830.28,12037830.28,12037830.28
2023,04002395000112,LEMAM CONSTRUCOES E COMERCIO SA,23,17528358.75,9475603.43,5648797.04,5648797.04
2023,09052229000144,SOUZA COMPEC ENGENHARIA E CONSTRUÇÕES LTDA,5,10578294.27,9286453.73,5402791.37,5330712.02
2023,67192609000180,M A S CONSTRUCOES E EMPREENDIMENTOS LIMITADA,34,25931627.23,7550277.94,577182.3,523066.89
2023,45240999000184,COENPA INFRAESTRUTURA SA,1,8817152.35,7317152.35,7317152.35,7317152.35
2023,71654446000188,MC ENGENHARIA  E CONSTRUCOES SA,1,6750533.12,6750522.05,5016483.41,5016483.41
2023,01846687000143,GESTOR ENGENHARIA LTDA,1,7962841.44,6662841.44,5622171.7,5622171.7
2023,16927599000143,CONSORCIO MANANCIAIS SAO PAULO,5,13380260.42,6607807.06,6607807.06,6607807.06
2023,56182090000133,CORPOTEC CONSTRUTORA E EMPREENDIMENTOS IMOBILIARIOS LTDA,3,6276323.58,6275623.79,4047563.52,4047563.52
2023,01129913000175,VOS OBRAS E SERVICOS DE CONSTRUCAO CIVIL LTDA,2,5972332.26,5959446.11,4354019.22,4354019.22
2023,02086562000125,NOVA DIMENSAO ENGENHARIA LTDA,1,5866506.96,5864924.85,5864924.85,5864924.85
2023,29994423000156,CONCREJATO SERVICOS TECNICOS DE ENGENHARIA S/A,1,4691347.54,4691347.54,4613462.8,4613462.8
2023,31031932000125,PAV PASSOS CONSTRUCOES LTDA,1,6353654.37,4353450.64,1250385.08,1250385.08
2023,03867171000100,CONSTRUTORA ETAMA LTDA,2,5202606.41,4094933.66,4094933.66,3065036.86
2023,03264493000165,DANG CONSTRUTORA DE OBRAS LTDA,1,4012644.73,4012644.73,4012644.73,4012644.73
2023,97500698000146,IMPERMEAR SERVICOS DE ENGENHARIA LTDA,3,4282969.56,3972622.59,1700613.56,1700613.56
2023,44626011000157,LMM ENGENHARIA E SERVICOS LTDA,6,4982675.48,3684387.14,1821777.49,1480197.37
2023,56838949000110,CONSTRUTORA PROGREDIOR LTDA,14,5995045.7,3474421.68,3298420.42,3298420.42
2023,50851721000183,CONSORCIO MBM,1,3144985.84,3144985.84,2274214.32,2274214.32
2023,04373329000159,VILLANOVA ENGENHARIA E DESENVOLVIMENTO AMBIENTAL LTDA,9,10852729.67,3065679.47,2676536.74,2331297.23
2023,53552691000100,TECLA CONSTRUCOES LTDA,1,3000000.0,3000000.0,0.0,0.0
2023,61699567000273,SPDM  ASSOCIACAO PAULISTA PARA O DESENVOLVIMENTO DA MEDICINA,10,2980040.68,2980040.68,2980040.68,1226091.41
2023,48211585000115,SOCIEDADE BENEFICENTE CAMINHO DE DAMASCO,5,2502520.04,2502520.04,2502520.04,2502520.04
2023,49335714000140,TEMAFE ENGENHARIA E CONSTRUCOES LTDA,3,3183139.89,2480725.68,652668.93,210423.78
2023,61699567000192,SPDM  ASSOCIACAO PAULISTA PARA O DESENVOLVIMENTO DA MEDICINA,10,2679185.15,2457038.46,2457038.46,2221018.46
2023,13300818000171,EIT ENGENHARIA S A EM RECUPERACAO JUDICIAL,5,4060000.0,2035904.35,2035904.35,2035904.35
2023,06297348000179,DEKTON ENGENHARIA E CONSTRUCAO LTDA,2,6600360.95,1795458.11,8529.3,8529.3
2023,46044392000191,CONSTRUMEDICI ENGENHARIA E COMERCIO LTDA,3,1799363.15,1790786.04,1776745.62,1776745.62
2023,33131079000734,CARL ZEISS DO BRASIL LTDA,1,1696000.0,1696000.0,0.0,0.0
2023,02243019000194,CONSITEC  ENGENHARIA E TECNOLOGIA LTDA,6,2880703.69,1627755.65,0.0,0.0
2023,04780776000122,DP BARROS  PAVIMENTACAO E CONSTRUCAO LTDA,1,3166053.53,1622034.95,0.0,0.0
2023,44239135000503,EGIS  ENGENHARIA E CONSULTORIA LTDA,1,1550604.76,1503547.54,963825.02,963825.02
2023,12856918000116,POAVIAS PAVIMENTACAO LTDA,2,1500000.0,1500000.0,1500000.0,1500000.0
2023,68311216000101,ASSOCIAÇÃO SAUDE DA FAMILIA,8,1495501.79,1495501.59,1495501.59,1102824.85
2023,60742616000160,CASA DE SAUDE SANTA MARCELINA,7,1496869.43,1494889.53,1494889.53,1108330.56
2023,44721630000120,NOVA JRA EMPREENDIMENTOS E ENGENHARIA LTDA,4,7006054.75,1395609.25,577597.97,0.0
2023,61687356000130,SERVICO SOCIAL DA CONSTRUCAO CIVIL DO ESTADO DE SAO PAULO  SECONCISP,4,1376087.38,1376087.38,1376087.38,1376087.38
2023,51182145000191,CONSTRUTORA SANDIN LTDA,1,9996179.84,1347690.12,886767.26,886767.26
2023,07717809000188,CONSTRUMAB ENGENHARIA LTDA,2,1344600.01,1344600.01,386939.95,386939.95
2023,51773856000130,CONSORCIO HR,1,10716504.28,1303331.24,0.0,0.0
2023,07879965000145,CONSTRUTORA LETTIERI CORDARO LTDA,1,1496683.07,1166908.57,0.0,0.0
2023,23139874000120,HABITEM INCORPORACAO E CONSTRUCAO LTDA,3,2048801.86,1149174.7,606004.86,434754.24
2023,57571275000100,FUNDACAO DO ABC,7,1095336.47,1085098.07,1085098.07,495926.61
2023,65035222000195,ERATECNICA ENGENHARIA CONSTRUCOES E SERVICOS LTDA,3,5685407.79,1083297.81,80289.37,0.0
2023,00346953000106,2N ENGENHARIA LTDA,1,4769768.24,1040771.7,124042.59,8722.44
2023,05633207000117,SPALLA ENGENHARIA LTDA,1,3417668.67,1024862.84,646180.09,646180.09
2023,11344038000106,INSTITUTO NACIONAL DE TECNOLOGIA E SAUDE,1,977306.2,977306.2,977306.2,977306.2
2023,08097160000102,AMDS ENGENHARIA E CONSTRUCOES LTDA,1,950000.0,950000.0,379993.55,379993.55
2023,05823840000178,ELEVADORES ORION LTDA,1,1750000.0,787500.0,787500.0,787500.0
2023,12420273000174,R J C SINALIZACAO URBANA LTDA,1,5275247.9,729168.25,0.0,0.0
2023,02542939000103,FBF CONSTRUCOES E SERVICOS LTDA,3,9559573.1,690833.66,0.0,0.0
2023,51803790000184,CONSORCIO UG,1,5077586.12,681513.12,273423.04,0.0
2023,22892801000141,RD CONSTRUCAO REFRIGERACAO COMERCIO SERVICOS E PROJETOS LTDA,2,648341.86,648341.86,597691.42,597691.42
2023,15009784000196,FP PROJETOS EMPREENDIMENTOS LTDA,1,5279085.7,636906.17,9412.31,0.0
2023,05577367000196,CODIGO ENGENHARIA E CONSTRUCOES LTDA,3,1263811.55,601370.82,104970.14,104970.14
2023,24262722000182,H2OBRAS CONSTRUCOES LTDA,1,4270218.07,600586.01,53193.06,0.0
2023,03101876000112,DB CONSTRUCOES LTDA,1,6037045.92,527774.12,464279.97,0.0
2023,51804427000183,CONSORCIO SAUDE - PMSP,2,6224568.22,512069.1,0.0,0.0
2023,19927082000142,TOPCONS ENGENHARIA SERVICOS E LOCACOES LTDA,1,471116.84,471116.83,56585.84,0.0
2023,62533278000181,H E ENGENHARIA COMERCIO E REPRESENTACOES LTDA,7,2119154.06,315062.76,0.0,0.0
2023,06194976000129,QUALIDA SERVICOS TECNICOS EIRELI,2,309020.62,309020.62,0.0,0.0
2023,50557404000159,CONSTRUTORA KAMILOS LTDA,1,241976.1,241976.1,241976.1,241976.1
2023,51232221000126,ASSOCIACAO COMUNITARIA MONTE AZUL,1,199761.79,199761.79,199761.79,199761.79
2023,50583954000142,ATONANNI CONSTRUCOES E SERVICOS LTDA,1,658060.5,109282.3,0.0,0.0
2023,17792041000160,G PRADO COMERCIO E CONSTRUCAO EIRELI,1,90564.3,90564.3,90564.3,90564.3
2023,07461206000168,TERRA NOVA ENGENHARIA E CONSTRUCOES LTDA,1,3675017.67,76144.97,14793.04,14793.04
2023,01294872000172,PILAO ENGENHARIA E CONSTRUCOES LTDA,2,1507885.37,75401.86,0.0,0.0
2023,66518267000264,CENTRO DE ESTUDOS E PESQUISAS DR JOAO AMORIM,1,36000.0,36000.0,36000.0,36000.0
2023,43898972000158,CONSTRUTORA ROY LTDA,1,161897.52,28609.92,0.0,0.0
2023,34730331000107,DPT ENGENHARIA E ARQUITETURA LTDA,1,111796.33,9371.66,0.0,0.0
2023,57646374000104,MACOR ENGENHARIA CONSTRUCOES E COMERCIO SA,2,471098.55,8505.29,0.0,0.0
2023,33534793000188,EMPREITEC CONSTRUCOES ELETRICAS LTDA,1,1900000.0,0.0,0.0,0.0
2023,29863757000190,R2A CONSTRUCOES LTDA,1,373605.9,0.0,0.0,0.0
2023,68382498000138,TOBIAS  FIGUEIREDO CONSTRUCAO COMERCIO E SERVICOS LTDA,1,145201.81,0.0,0.0,0.0
2024,62533278000181,H E ENGENHARIA COMERCIO E REPRESENTACOES LTDA,38,40018675.97,37081553.65,34610795.5,30747634.57
2024,67192609000180,M A S CONSTRUCOES E EMPREENDIMENTOS LIMITADA,27,31044387.22,27904643.24,19282559.91,14513165.35
2024,66748955000130,ALMEIDA SAPATA ENGENHARIA E CONSTRUCOES LTDA,32,35722575.26,22857254.08,16394807.86,12685991.94
2024,33113646000134,HABITA LOTE 12 SA,14,20916631.59,20706413.68,20706413.68,20587573.58
2024,02542939000103,FBF CONSTRUCOES E SERVICOS LTDA,1,20000000.0,19999910.98,19984307.25,19984307.25
2024,07534937000196,TETRABASE  ENGENHARIA E CONSTRUCOES LTDA,10,18727468.8,17400486.24,13320475.26,13317820.85
2024,56838949000110,CONSTRUTORA PROGREDIOR LTDA,37,19509641.95,15863735.14,9739529.65,9317126.01
2024,04002395000112,LEMAM CONSTRUCOES E COMERCIO SA,20,15911451.8,15075531.22,10988735.73,10988735.73
2024,62162847000120,JOFEGE PAVIMENTACAO E CONSTRUCAO LTDA,8,19181060.83,13986951.88,13986951.88,13986951.88
2024,01065014000156,FREMIX PAVIMENTACAO E CONSTRUCOES LTDA ,8,14840583.43,12643583.57,12643583.57,12643583.57
2024,05577367000196,CODIGO ENGENHARIA E CONSTRUCOES LTDA,12,12822535.05,11256653.81,4598932.41,1720780.46
2024,03643992000163,BB ENGENHARIA E CONSTRUCOES S A,19,14870436.08,10132520.11,7437429.84,1527103.29
2024,33298127000198,UNO HABITACAO SA,6,9979050.65,9926969.8,9926969.8,9926969.8
2024,02243019000194,CONSITEC  ENGENHARIA E TECNOLOGIA LTDA,18,9875171.99,8448403.52,3915834.13,3865280.35
2024,06273115000136,WEBER CONSULTORIA E ENGENHARIA AMBIENTAL LIMITADA,14,14269815.96,7220252.88,7220252.88,6105440.91
2024,37802710000145,TRIADE PAVIMENTACAO E CONSTRUCOES SA,3,7128601.03,6198264.83,6198264.83,6198264.83
2024,66806555000133,FBS CONSTRUCAO CIVIL E PAVIMENTACAO S.A.,6,14963718.95,5526961.31,5526961.31,5526961.31
2024,53619416000159,CONSORCIO LEMAM  CONSITEC  JLA,1,5438354.06,5438354.06,5438354.06,5438354.06
2024,28355223000190,BT COMERCIO E SERVICOS EM ELEVADORES LTDA,1,5436952.42,5436366.99,5414528.29,5414528.29
2024,53904515000182,CONSORCIO PROSAUDE,1,5407269.74,5407269.74,5407269.74,5407269.74
2024,53780577000120,CONSORCIO MAIS SAUDE,1,5368231.64,5368231.64,5368231.64,5368231.64
2024,50851721000183,CONSORCIO MBM,4,4732052.57,4703519.79,3766488.71,3766488.71
2024,57646374000104,MACOR ENGENHARIA CONSTRUCOES E COMERCIO SA,7,5728666.21,4625743.09,3728817.03,3658292.91
2024,04373329000159,VILLANOVA ENGENHARIA E DESENVOLVIMENTO AMBIENTAL LTDA,8,5167328.91,4419165.74,3891312.44,3671200.47
2024,44721630000120,NOVA JRA EMPREENDIMENTOS E ENGENHARIA LTDA,5,3744692.32,3744265.06,2541161.72,2541161.72
2024,49723802000119,SCOPUS CONSTRUTORA & INCORPORADORA LTDA,5,8160224.25,3630954.94,2813153.56,2540893.44
2024,00346953000106,2N ENGENHARIA LTDA,6,5947968.1,3171712.69,2848237.18,2848237.18
2024,51803790000184,CONSORCIO UG,3,4436399.87,3069347.45,3069347.45,2834468.4
2024,33534793000188,EMPREITEC CONSTRUCOES ELETRICAS LTDA,2,2879623.49,2879623.49,2879623.49,2879623.49
2024,05633207000117,SPALLA ENGENHARIA LTDA,5,4112445.86,2763623.66,2710827.51,2710827.51
2024,03101876000112,DB CONSTRUCOES LTDA,5,2828321.9,2725706.72,1762478.51,1762478.51
2024,61699567000192,SPDM  ASSOCIACAO PAULISTA PARA O DESENVOLVIMENTO DA MEDICINA,2,2719893.89,2719893.89,2719893.89,2719893.89
2024,51182145000191,CONSTRUTORA SANDIN LTDA,5,3110826.85,2706640.78,2419436.28,2419436.28
2024,51773856000130,CONSORCIO HR,2,2663494.19,2663494.19,2663494.19,2663494.19
2024,06316940000170,CONAM  CONSULTORIA AMBIENTAL LTDA,7,4227076.49,2573592.68,2573592.58,1853646.81
2024,01294872000172,PILAO ENGENHARIA E CONSTRUCOES LTDA,3,2564560.39,2548512.71,2334966.86,2334966.86
2024,07461206000168,TERRA NOVA ENGENHARIA E CONSTRUCOES LTDA,5,2670143.32,2486592.63,1976623.08,1712833.36
2024,51804427000183,CONSORCIO SAUDE - PMSP,1,3586033.05,2442388.87,2442388.87,2442388.87
2024,33598776000104,TEENIMOBILIARIO SA,4,2965229.69,2157202.42,1694869.87,1694869.87
2024,09052229000144,SOUZA COMPEC ENGENHARIA E CONSTRUÇÕES LTDA,4,2133507.56,2133507.56,2133507.56,2133507.56
2024,34730331000107,DPT ENGENHARIA E ARQUITETURA LTDA,5,1921379.63,1827998.57,1527431.15,1527431.15
2024,06297348000179,DEKTON ENGENHARIA E CONSTRUCAO LTDA,4,1737123.0,1612892.88,1612892.88,1612892.88
2024,47218979000132,ARVEK TECNICA E CONSTRUCOES LTDA,1,1663969.49,1510730.85,1510730.85,1510730.85
2024,12420273000174,R J C SINALIZACAO URBANA LTDA,4,1519396.89,1500770.61,1333453.62,1333453.62
2024,54131872000118,CONSORCIO CODIGO BB  HOSPITAL,1,5392755.7,1327380.51,1327380.51,1327380.51
2024,24262722000182,H2OBRAS CONSTRUCOES LTDA,6,1859953.35,1323046.03,1323046.03,1322709.85
2024,15009784000196,FP PROJETOS EMPREENDIMENTOS LTDA,4,2345921.71,1250340.99,1110000.0,1110000.0
2024,15108349000119,RODOSERV ENGENHARIA LTDA,2,1232529.41,1232312.96,956580.9,956580.9
2024,43898972000158,CONSTRUTORA ROY LTDA,1,1194360.08,1194360.08,1194360.08,1194360.08
2024,53640280000169,ENGENHARIA E COMERCIO RIGEL LTDA,2,1177147.68,1177144.68,1177144.68,1177144.68
2024,00688529000140,JB CONSTRUCOES E EMPREENDIMENTOS LTDA,1,1176524.83,1145942.34,1145942.34,761483.12
2024,22687927000184,D M DIAS CHAVES,2,1143644.18,1143644.16,1143644.16,1143644.16
2024,32994332000125,SP9 INCORPORACAO E CONSTRUCAO  SPE SA,3,1615978.11,1106173.38,1106173.38,1106173.38
2024,36157982000177,REP ENGENHARIA E SERVICOS LTDA,1,936308.59,936308.59,762916.47,661854.06
2024,04860624000130,VPP CONSTRUTORA LTDA,1,816313.1,816313.1,816313.1,816313.1
2024,31106680000156,DR3 ENGENHARIA LTDA,1,760182.55,760182.55,760182.55,760182.55
2024,61699567000273,SPDM  ASSOCIACAO PAULISTA PARA O DESENVOLVIMENTO DA MEDICINA,1,603320.0,603320.0,603320.0,603320.0
2024,57571275000100,FUNDACAO DO ABC,2,250000.0,250000.0,250000.0,250000.0
2024,11344038000106,INSTITUTO NACIONAL DE TECNOLOGIA E SAUDE,1,249999.72,249999.72,249999.72,249999.72
2024,68311216000101,ASSOCIAÇÃO SAUDE DA FAMILIA,1,249998.95,249998.95,249998.95,249998.95
2024,57632705000149,ENGETAL ENGENHARIA E CONSTRUCOES LTDA,1,162935.24,162935.24,162935.24,162935.24
2024,30037029000109,APENG SERVICOS E CONSTRUCOES LTDA,1,89934.4,89930.66,0.0,0.0
2024,02120261000170,SHOP SIGNS OBRAS E SERVICOS LTDA,1,89270.94,89265.26,0.0,0.0
2024,47061699000163,JNB CONSTRUCOES E SERVICOS LTDA,1,80304.99,80236.6,0.0,0.0
2024,19927082000142,TOPCONS ENGENHARIA SERVICOS E LOCACOES LTDA,1,74357.74,74357.73,74357.73,74357.73
2024,04743858000105,MPE ENGENHARIA E SERVICOS SA,1,71061.37,71061.37,71061.37,71061.37
2024,11823795000154,RAMON AGUILERA PARTICIPACOES E EMPREENDIMENTOS LTDA,1,70026.01,69873.89,0.0,0.0
2024,32402456000174,FRIG ENGENHARIA LTDA,1,68957.97,68783.18,0.0,0.0
2024,08068681000131,ECO PRIME ENGENHARIA LTDA,1,48562.46,48489.11,0.0,0.0
2024,04206255000166,CONSTRUISO ENGENHARIA E EMPREENDIMENTOS LTDA,1,50515.35,44287.1,0.0,0.0
2024,55996615000101,CLD CONSTRUTORA LACOS DETETORES E ELETRONICA LTDA,1,46848.35,35887.47,0.0,0.0
2024,06194976000129,QUALIDA SERVICOS TECNICOS EIRELI,1,27670.78,27670.78,27670.78,27670.78
2024,02811333000126,EEC ENGENHARIA E CONSTRUCOES LTDA,1,16811.28,16806.96,0.0,0.0
2025,55757193000111,CONSORCIO RENOVA SAUDE,4,42368929.37,39891621.13,33266778.87,33266778.87
2025,55534636000105,CONSORCIO CDGPROGREDIOR SMS,5,36598706.39,35783683.14,19050254.5,19050254.5
2025,55483217000191,CONSORCIO HOSPITAL TATUAPE,4,34464059.9,33852925.41,21449768.08,21449768.08
2025,55272706000102,CONSORCIO PRO SAUDE SAO PAULO  CAMPO LIMPO,3,22990273.04,22444385.51,7645689.85,7645689.85
2025,67192609000180,M A S CONSTRUCOES E EMPREENDIMENTOS LIMITADA,41,32387670.09,22409655.53,7983850.15,7633424.94
2025,03430585000178,ENDEAL ENGENHARIA E CONSTRUCOES LTDA,3,20699782.76,19783026.96,4769507.47,4769507.47
2025,03643992000163,BB ENGENHARIA E CONSTRUCOES S A,31,20946941.83,19554054.54,5784795.1,5784795.1
2025,66748955000130,ALMEIDA SAPATA ENGENHARIA E CONSTRUCOES LTDA,27,17231965.54,15854215.2,8576120.77,8576120.77
2025,53619416000159,CONSORCIO LEMAM  CONSITEC  JLA,4,16786106.76,14679249.25,200000.0,200000.0
2025,56838949000110,CONSTRUTORA PROGREDIOR LTDA,39,22380988.33,13256178.76,13256178.76,13256178.76
2025,33113646000134,HABITA LOTE 12 SA,4,13636980.81,13129137.71,7803713.16,7803713.16
2025,05577367000196,CODIGO ENGENHARIA E CONSTRUCOES LTDA,25,14182026.67,13119511.65,3733661.04,3733661.04
2025,53780577000120,CONSORCIO MAIS SAUDE,5,13543459.08,11947712.6,3014462.95,3014462.95
2025,02243019000194,CONSITEC  ENGENHARIA E TECNOLOGIA LTDA,26,11000209.04,10705246.33,4385113.54,4385113.54
2025,07534937000196,TETRABASE  ENGENHARIA E CONSTRUCOES LTDA,10,10357388.72,9983506.43,3523082.73,3523082.73
2025,33598776000104,TEENIMOBILIARIO SA,3,8620185.76,8597737.95,1011906.59,1011906.59
2025,49723802000119,SCOPUS CONSTRUTORA & INCORPORADORA LTDA,9,7983394.89,7982722.94,1574990.22,1574990.22
2025,46372115000108,CONSORCIO BLK  PROGREDIOR  ALFREDO AVILA,2,7543962.76,7505515.64,6174248.51,6174248.51
2025,15009784000196,FP PROJETOS EMPREENDIMENTOS LTDA,8,8558066.1,7237582.05,1420000.0,1420000.0
2025,44721630000120,NOVA JRA EMPREENDIMENTOS E ENGENHARIA LTDA,10,8651363.77,6713916.12,2815598.39,2815598.39
2025,15108349000119,RODOSERV ENGENHARIA LTDA,4,7777831.73,6690684.62,906420.09,906420.09
2025,62533278000181,H E ENGENHARIA COMERCIO E REPRESENTACOES LTDA,10,12539383.47,5960647.89,1312337.94,1312337.94
2025,12420273000174,R J C SINALIZACAO URBANA LTDA,5,6126778.27,5726197.76,2754530.13,2754530.13
2025,32994332000125,SP9 INCORPORACAO E CONSTRUCAO  SPE SA,3,5695678.88,5680831.39,693693.54,693693.54
2025,51803790000184,CONSORCIO UG,5,5213525.7,5213405.08,3412107.57,3412107.57
2025,32402456000174,FRIG ENGENHARIA LTDA,3,5199539.74,5199206.75,550000.0,550000.0
2025,01376473000150,HERSA ENGENHARIA E SERVICOS LTDA,4,4686367.41,4685760.13,100000.0,100000.0
2025,51804427000183,CONSORCIO SAUDE - PMSP,4,4402545.91,4402464.6,500000.0,500000.0
2025,08068681000131,ECO PRIME ENGENHARIA LTDA,2,4625694.33,4324427.62,948394.91,948394.91
2025,36157982000177,REP ENGENHARIA E SERVICOS LTDA,3,4300452.48,4300199.34,320000.0,320000.0
2025,02811333000126,EEC ENGENHARIA E CONSTRUCOES LTDA,3,4276249.82,4276206.04,247109.15,247109.15
2025,01294872000172,PILAO ENGENHARIA E CONSTRUCOES LTDA,7,6526603.51,4048433.01,1074661.38,1074661.38
2025,02120261000170,SHOP SIGNS OBRAS E SERVICOS LTDA,3,5824146.83,3857366.49,523513.76,100000.0
2025,33534793000188,EMPREITEC CONSTRUCOES ELETRICAS LTDA,3,3778666.67,3778611.13,1925835.99,1925835.99
2025,30037029000109,APENG SERVICOS E CONSTRUCOES LTDA,3,4210000.0,3709979.96,858013.18,858013.18
2025,06273115000136,WEBER CONSULTORIA E ENGENHARIA AMBIENTAL LIMITADA,12,3730976.58,3702224.54,3299685.26,3299685.26
2025,03101876000112,DB CONSTRUCOES LTDA,4,3568350.19,3568334.78,1181489.98,1181489.98
2025,58563919000173,CONSORCIO M9 ENGENHARIA,3,3509564.82,3509559.6,519774.9,519774.9
2025,07461206000168,TERRA NOVA ENGENHARIA E CONSTRUCOES LTDA,4,3374062.8,3373680.4,450000.0,450000.0
2025,00688529000140,JB CONSTRUCOES E EMPREENDIMENTOS LTDA,2,3343411.66,3343078.3,649336.67,649336.67
2025,51182145000191,CONSTRUTORA SANDIN LTDA,5,3314367.21,3151812.35,2418449.02,2418449.02
2025,05633207000117,SPALLA ENGENHARIA LTDA,5,3078063.61,3077755.03,1040000.0,1040000.0
2025,04860624000130,VPP CONSTRUTORA LTDA,4,3008584.27,3008584.27,2973993.61,2973993.61
2025,34730331000107,DPT ENGENHARIA E ARQUITETURA LTDA,4,2930646.1,2930474.02,400000.0,400000.0
2025,47061699000163,JNB CONSTRUCOES E SERVICOS LTDA,2,2881119.83,2880945.35,436332.2,436332.2
2025,04373329000159,VILLANOVA ENGENHARIA E DESENVOLVIMENTO AMBIENTAL LTDA,5,3088673.77,2621366.29,1492120.95,1492120.95
2025,04206255000166,CONSTRUISO ENGENHARIA E EMPREENDIMENTOS LTDA,3,2359010.81,2358988.08,413855.96,100000.0
2025,55996615000101,CLD CONSTRUTORA LACOS DETETORES E ELETRONICA LTDA,2,2325002.5,2324935.86,79999.97,79999.97
2025,43898972000158,CONSTRUTORA ROY LTDA,5,2202027.33,2172214.54,658342.38,658342.38
2025,11823795000154,RAMON AGUILERA PARTICIPACOES E EMPREENDIMENTOS LTDA,2,3439510.06,2105052.1,99286.04,99286.04
2025,06297348000179,DEKTON ENGENHARIA E CONSTRUCAO LTDA,4,2028504.68,2028468.93,320000.0,320000.0
2025,33298127000198,UNO HABITACAO SA,3,2825804.3,1986560.44,1338442.57,1338442.57
2025,51773856000130,CONSORCIO HR,5,3317654.76,1817555.59,200000.0,200000.0
2025,24262722000182,H2OBRAS CONSTRUCOES LTDA,5,2959915.69,1787664.83,555997.53,555997.53
2025,57646374000104,MACOR ENGENHARIA CONSTRUCOES E COMERCIO SA,14,2206163.3,1592419.13,1081976.22,1081976.22
2025,00346953000106,2N ENGENHARIA LTDA,2,1328054.84,1301246.98,1301246.98,1301246.98
2025,44671192000133,G2M GESTAO E EMPREENDIMENTOS LTDA,2,1191046.7,1177622.87,0.0,0.0
2025,50851721000183,CONSORCIO MBM,2,1163243.66,1163243.66,1163243.66,1163243.66
2025,56130983000135,CONSORCIO SAO PAULO SAUDE,1,200000.0,200000.0,200000.0,200000.0
2025,08509235000115,CSC ENGENHARIA LTDA,3,511587.27,199932.18,48176.33,48176.33
2025,04002395000112,LEMAM CONSTRUCOES E COMERCIO SA,3,60930.86,52784.59,0.0,0.0
2025,64142670000125,CONSORCIO SAUDE,1,50000.0,0.0,0.0,0.0
2025,64123154000153,CONSORCIO MF  MUDE,1,50000.0,0.0,0.0,0.0
2025,05625875000100,CAMILA CONSTRUTORA LTDA,1,24875.0,0.0,0.0,0.0
2025,44209567000148,CEDRO CONSTRUTORA E INCORPORADORA LTDA,1,24875.0,0.0,0.0,0.0
2025,45024149000149,CASA DOS PROJETOS RIBEIRAO PRETO LTDA,1,250.0,0.0,0.0,0.0
2026,55757193000111,CONSORCIO RENOVA SAUDE,2,11360990.0,11360990.0,11360990.0,10846071.92
2026,63457348000122,CONSORCIO MEDINFRA,2,10172035.96,10172035.96,3390145.89,3390145.89
2026,51773856000130,CONSORCIO HR,4,7168346.53,7168346.53,0.0,0.0
2026,44721630000120,NOVA JRA EMPREENDIMENTOS E ENGENHARIA LTDA,5,4824992.18,4824992.18,501317.25,501317.25
2026,06297348000179,DEKTON ENGENHARIA E CONSTRUCAO LTDA,4,4132399.22,4132399.22,0.0,0.0
2026,51803790000184,CONSORCIO UG,4,3891533.85,3891533.85,0.0,0.0
2026,36157982000177,REP ENGENHARIA E SERVICOS LTDA,4,3113599.05,3113599.05,0.0,0.0
2026,51182145000191,CONSTRUTORA SANDIN LTDA,2,2869813.76,2869813.76,0.0,0.0
2026,03101876000112,DB CONSTRUCOES LTDA,1,2487587.67,2487587.67,0.0,0.0
2026,04206255000166,CONSTRUISO ENGENHARIA E EMPREENDIMENTOS LTDA,1,2265104.42,2265104.42,0.0,0.0
2026,03643992000163,BB ENGENHARIA E CONSTRUCOES S A,5,2025651.85,2025651.85,1490944.34,806899.16
2026,01294872000172,PILAO ENGENHARIA E CONSTRUCOES LTDA,2,2000000.0,2000000.0,0.0,0.0
2026,00688529000140,JB CONSTRUCOES E EMPREENDIMENTOS LTDA,2,1991176.24,1991176.24,0.0,0.0
2026,24262722000182,H2OBRAS CONSTRUCOES LTDA,2,1991023.9,1991023.9,0.0,0.0
2026,67192609000180,M A S CONSTRUCOES E EMPREENDIMENTOS LIMITADA,5,1853256.0,1853179.93,1336042.78,927581.71
2026,15009784000196,FP PROJETOS EMPREENDIMENTOS LTDA,6,2278903.24,1778903.24,0.0,0.0
2026,30037029000109,APENG SERVICOS E CONSTRUCOES LTDA,1,1600000.0,1600000.0,1494084.32,861797.97
2026,05577367000196,CODIGO ENGENHARIA E CONSTRUCOES LTDA,4,1518183.34,1518183.34,0.0,0.0
2026,02120261000170,SHOP SIGNS OBRAS E SERVICOS LTDA,1,1500000.0,1500000.0,533470.04,533470.04
2026,49723802000119,SCOPUS CONSTRUTORA & INCORPORADORA LTDA,4,1449840.15,1449840.15,390183.44,390183.44
2026,06273115000136,WEBER CONSULTORIA E ENGENHARIA AMBIENTAL LIMITADA,3,1377387.27,1330434.27,319623.53,319623.53
2026,58563919000173,CONSORCIO M9 ENGENHARIA,1,1300000.0,1300000.0,0.0,0.0
2026,04002395000112,LEMAM CONSTRUCOES E COMERCIO SA,2,1250316.23,1250316.23,346580.45,346580.45
2026,07534937000196,TETRABASE  ENGENHARIA E CONSTRUCOES LTDA,11,1246245.91,1223027.87,1219961.82,1219961.82
2026,33298127000198,UNO HABITACAO SA,1,1100000.0,1100000.0,1057248.03,1057248.03
2026,33534793000188,EMPREITEC CONSTRUCOES ELETRICAS LTDA,2,1062716.2,1062716.2,0.0,0.0
2026,04860624000130,VPP CONSTRUTORA LTDA,3,1010383.41,1010383.41,0.0,0.0
2026,07461206000168,TERRA NOVA ENGENHARIA E CONSTRUCOES LTDA,2,1000000.0,1000000.0,0.0,0.0
2026,53780577000120,CONSORCIO MAIS SAUDE,2,1000000.0,1000000.0,0.0,0.0
2026,53619416000159,CONSORCIO LEMAM  CONSITEC  JLA,2,1000000.0,1000000.0,0.0,0.0
2026,01376473000150,HERSA ENGENHARIA E SERVICOS LTDA,2,1000000.0,1000000.0,0.0,0.0
2026,51804427000183,CONSORCIO SAUDE - PMSP,2,1000000.0,1000000.0,0.0,0.0
2026,15108349000119,RODOSERV ENGENHARIA LTDA,4,978289.71,978289.71,0.0,0.0
2026,62533278000181,H E ENGENHARIA COMERCIO E REPRESENTACOES LTDA,3,815028.66,815028.66,814863.16,458198.34
2026,50851721000183,CONSORCIO MBM,2,640032.0,640032.0,526842.63,526842.63
2026,56838949000110,CONSTRUTORA PROGREDIOR LTDA,4,611911.3,601128.46,601080.85,601080.85
2026,09445502000109,SOLUCOES SERVICOS TERCEIRIZADOS LTDA,1,600000.0,600000.0,600000.0,600000.0
2026,21941290000148,TOWER ENGENHARIA E CONSTRUCAO LTDA,1,600000.0,600000.0,599461.63,599461.63
2026,12420273000174,R J C SINALIZACAO URBANA LTDA,2,477374.14,477374.14,0.0,0.0
2026,66748955000130,ALMEIDA SAPATA ENGENHARIA E CONSTRUCOES LTDA,1,399390.28,399390.28,399390.21,399390.21
2026,47061699000163,JNB CONSTRUCOES E SERVICOS LTDA,1,300000.0,300000.0,0.0,0.0
2026,08068681000131,ECO PRIME ENGENHARIA LTDA,1,300000.0,300000.0,0.0,0.0
2026,57646374000104,MACOR ENGENHARIA CONSTRUCOES E COMERCIO SA,1,200000.0,200000.0,0.0,0.0
2026,38218230000102,JM ENGENHARIA DIAGNOSTICA LTDA,1,46953.0,46953.0,14085.9,14085.9
